ID	NAME	KB	REIHENFOLGE	SPRECHER	NUMMER	PPK-SEITE	SEM-SEITE
1	Sfa1	0a-sfath	1	Sfath	1	11	
2	Sfa2	0a-sfath	2	Sfath	2	11	
3	Sfa3	0a-sfath	3	Sfath	3	11	
4	Sfa4	0a-sfath	4	Sfath	4	11	
5	Sfa5	0a-sfath	5	Sfath	5	11	
6	Sfa6	0a-sfath	6	Sfath	6	11	
7	Sfa7	0a-sfath	7	Sfath	7	11	
8	Sfa8	0a-sfath	8	Sfath	8	11	
9	Sfa9	0a-sfath	9	Sfath	9	11	
10	Sfa10	0a-sfath	10	Sfath	10	11	
11	Sfa11	0a-sfath	11	Sfath	11	12	
12	Sfa12	0a-sfath	12	Sfath	12	12	
13	Sfa13	0a-sfath	13	Sfath	13	12	
14	Sfa14	0a-sfath	14	Sfath	14	12	
15	Sfa15	0a-sfath	15	Sfath	15	12	
16	Sfa16	0a-sfath	16	Sfath	16	12	
17	Sfa17	0a-sfath	17	Sfath	17	12	
18	Sfa18	0a-sfath	18	Sfath	18	12	
19	Sfa19	0a-sfath	19	Sfath	19	12	
20	Sfa20	0a-sfath	20	Sfath	20	12	
21	Sfa21	0a-sfath	21	Sfath	21	12	
22	Sfa22	0a-sfath	22	Sfath	22	12	
23	Sfa23	0a-sfath	23	Sfath	23	12	
24	Sfa24	0a-sfath	24	Sfath	24	12	
25	Sfa25	0a-sfath	25	Sfath	25	12	
26	Sfa26	0a-sfath	26	Sfath	26	12	
27	Sfa27	0a-sfath	27	Sfath	27	12	
28	Sfa28	0a-sfath	28	Sfath	28	12	
29	Sfa29	0a-sfath	29	Sfath	29	12	
30	Sfa30	0a-sfath	30	Sfath	30	12	
31	Sfa31	0a-sfath	31	Sfath	31	12	
32	Sfa32	0a-sfath	32	Sfath	32	12	
33	Sfa33	0a-sfath	33	Sfath	33	12	
34	Sfa34	0a-sfath	34	Sfath	34	13	
35	Sfa35	0a-sfath	35	Sfath	35	13	
36	Sfa36	0a-sfath	36	Sfath	36	13	
37	Sfa37	0a-sfath	37	Sfath	37	13	
38	Sfa38	0a-sfath	38	Sfath	38	13	
39	Sfa39	0a-sfath	39	Sfath	39	13	
40	Sfa40	0a-sfath	40	Sfath	40	13	
41	Sfa41	0a-sfath	41	Sfath	41	13	
42	Sfa42	0a-sfath	42	Sfath	42	13	
43	Sfa43	0a-sfath	43	Sfath	43	13	
44	Sfa44	0a-sfath	44	Sfath	44	13	
45	Sfa45	0a-sfath	45	Sfath	45	13	
46	Sfa46	0a-sfath	46	Sfath	46	13	
47	Sfa47	0a-sfath	47	Sfath	47	13	
48	Sfa48	0a-sfath	48	Sfath	48	13	
49	Sfa49	0a-sfath	49	Sfath	49	13	
50	Sfa50	0a-sfath	50	Sfath	50	13	
51	Sfa51	0a-sfath	51	Sfath	51	13	
52	Sfa52	0a-sfath	52	Sfath	52	13	
53	Sfa53	0a-sfath	53	Sfath	53	13	
54	Sfa54	0a-sfath	54	Sfath	54	13	
55	Sfa55	0a-sfath	55	Sfath	55	13	
56	Sfa56	0a-sfath	56	Sfath	56	13	
57	Sfa57	0a-sfath	57	Sfath	57	14	
58	Sfa58	0a-sfath	58	Sfath	58	14	
59	Sfa59	0a-sfath	59	Sfath	59	14	
60	Sfa60	0a-sfath	60	Sfath	60	14	
61	Sfa61	0a-sfath	61	Sfath	61	14	
62	Sfa62	0a-sfath	62	Sfath	62	14	
63	Sfa63	0a-sfath	63	Sfath	63	14	
64	Sfa64	0a-sfath	64	Sfath	64	14	
65	Sfa65	0a-sfath	65	Sfath	65	14	
66	Sfa66	0a-sfath	66	Sfath	66	14	
67	Sfa67	0a-sfath	67	Sfath	67	14	
68	Sfa68	0a-sfath	68	Sfath	68	14	
69	Sfa69	0a-sfath	69	Sfath	69	14	
70	Sfa70	0a-sfath	70	Sfath	70	14	
71	Sfa71	0a-sfath	71	Sfath	71	14	
72	Sfa72	0a-sfath	72	Sfath	72	14	
73	Sfa73	0a-sfath	73	Sfath	73	14	
74	Sfa74	0a-sfath	74	Sfath	74	14	
75	Sfa75	0a-sfath	75	Sfath	75	14	
76	Sfa76	0a-sfath	76	Sfath	76	14	
77	Sfa77	0a-sfath	77	Sfath	77	15	
78	Sfa78	0a-sfath	78	Sfath	78	15	
79	Sfa79	0a-sfath	79	Sfath	79	15	
80	Sfa80	0a-sfath	80	Sfath	80	15	
81	Sfa81	0a-sfath	81	Sfath	81	15	
82	Sfa82	0a-sfath	82	Sfath	82	15	
83	Sfa83	0a-sfath	83	Sfath	83	15	
84	Sfa84	0a-sfath	84	Sfath	84	15	
85	Sfa85	0a-sfath	85	Sfath	85	15	
86	Sfa86	0a-sfath	86	Sfath	86	15	
87	Sfa87	0a-sfath	87	Sfath	87	15	
88	Sfa88	0a-sfath	88	Sfath	88	15	
89	Sfa89	0a-sfath	89	Sfath	89	15	
90	Sfa90	0a-sfath	90	Sfath	90	15	
91	Sfa91	0a-sfath	91	Sfath	91	15	
92	Sfa92	0a-sfath	92	Sfath	92	15	
93	Sfa93	0a-sfath	93	Sfath	93	15	
94	Sfa94	0a-sfath	94	Sfath	94	15	
95	Sfa95	0a-sfath	95	Sfath	95	15	
96	Sfa96	0a-sfath	96	Sfath	96	15	
97	Sfa97	0a-sfath	97	Sfath	97	15	
98	Sfa98	0a-sfath	98	Sfath	98	16	
99	Sfa99	0a-sfath	99	Sfath	99	16	
100	Sfa100	0a-sfath	100	Sfath	100	16	
101	Sfa101	0a-sfath	101	Sfath	101	16	
102	Sfa102	0a-sfath	102	Sfath	102	16	
103	Sfa103	0a-sfath	103	Sfath	103	16	
104	Sfa104	0a-sfath	104	Sfath	104	16	
105	Sfa105	0a-sfath	105	Sfath	105	16	
106	Sfa106	0a-sfath	106	Sfath	106	16	
107	Sfa107	0a-sfath	107	Sfath	107	16	
108	Sfa108	0a-sfath	108	Sfath	108	16	
109	Sfa109	0a-sfath	109	Sfath	109	16	
110	Sfa110	0a-sfath	110	Sfath	110	16	
111	Sfa111	0a-sfath	111	Sfath	111	16	
112	Sfa112	0a-sfath	112	Sfath	112	16	
113	Sfa113	0a-sfath	113	Sfath	113	16	
114	Sfa114	0a-sfath	114	Sfath	114	16	
115	Sfa115	0a-sfath	115	Sfath	115	16	
116	Sfa116	0a-sfath	116	Sfath	116	16	
117	Sfa117	0a-sfath	117	Sfath	117	17	
118	Sfa118	0a-sfath	118	Sfath	118	17	
119	Sfa119	0a-sfath	119	Sfath	119	17	
120	Sfa120	0a-sfath	120	Sfath	120	17	
121	Sfa121	0a-sfath	121	Sfath	121	17	
122	Sfa122	0a-sfath	122	Sfath	122	17	
123	Sfa123	0a-sfath	123	Sfath	123	17	
124	Sfa124	0a-sfath	124	Sfath	124	17	
125	Sfa125	0a-sfath	125	Sfath	125	17	
126	Sfa126	0a-sfath	126	Sfath	126	17	
127	Sfa127	0a-sfath	127	Sfath	127	17	
128	Sfa128	0a-sfath	128	Sfath	128	17	
129	Sfa129	0a-sfath	129	Sfath	129	17	
130	Sfa130	0a-sfath	130	Sfath	130	17	
131	Sfa131	0a-sfath	131	Sfath	131	17	
132	Sfa132	0a-sfath	132	Sfath	132	17	
133	Sfa133	0a-sfath	133	Sfath	133	17	
134	Sfa134	0a-sfath	134	Sfath	134	17	
135	Sfa135	0a-sfath	135	Sfath	135	17	
136	Sfa136	0a-sfath	136	Sfath	136	17	
137	Sfa137	0a-sfath	137	Sfath	137	18	
138	Sfa138	0a-sfath	138	Sfath	138	18	
139	Sfa139	0a-sfath	139	Sfath	139	18	
140	Sfa140	0a-sfath	140	Sfath	140	18	
141	Sfa141	0a-sfath	141	Sfath	141	18	
142	Sfa142	0a-sfath	142	Sfath	142	18	
143	Sfa143	0a-sfath	143	Sfath	143	18	
144	Sfa144	0a-sfath	144	Sfath	144	18	
145	Sfa145	0a-sfath	145	Sfath	145	18	
146	Sfa146	0a-sfath	146	Sfath	146	18	
147	Sfa147	0a-sfath	147	Sfath	147	18	
148	Sfa148	0a-sfath	148	Sfath	148	18	
149	Sfa149	0a-sfath	149	Sfath	149	18	
150	Sfa150	0a-sfath	150	Sfath	150	18	
151	Sfa151	0a-sfath	151	Sfath	151	18	
152	Sfa152	0a-sfath	152	Sfath	152	18	
153	Sfa153	0a-sfath	153	Sfath	153	18	
154	Sfa154	0a-sfath	154	Sfath	154	18	
155	Sfa155	0a-sfath	155	Sfath	155	19	
156	Sfa156	0a-sfath	156	Sfath	156	19	
157	Sfa157	0a-sfath	157	Sfath	157	19	
158	Sfa158	0a-sfath	158	Sfath	158	19	
159	Sfa159	0a-sfath	159	Sfath	159	19	
160	Sfa160	0a-sfath	160	Sfath	160	19	
161	Sfa161	0a-sfath	161	Sfath	161	19	
162	Sfa162	0a-sfath	162	Sfath	162	19	
163	Sfa163	0a-sfath	163	Sfath	163	19	
164	Sfa164	0a-sfath	164	Sfath	164	19	
165	Sfa165	0a-sfath	165	Sfath	165	19	
166	Sfa166	0a-sfath	166	Sfath	166	19	
167	Sfa167	0a-sfath	167	Sfath	167	19	
168	Sfa168	0a-sfath	168	Sfath	168	19	
169	Sfa169	0a-sfath	169	Sfath	169	19	
170	Sfa170	0a-sfath	170	Sfath	170	19	
171	Sfa171	0a-sfath	171	Sfath	171	19	
172	Sfa172	0a-sfath	172	Sfath	172	20	
173	Sfa173	0a-sfath	173	Sfath	173	20	
174	Sfa174	0a-sfath	174	Sfath	174	20	
175	Sfa175	0a-sfath	175	Sfath	175	20	
176	Sfa176	0a-sfath	176	Sfath	176	20	
177	Sfa177	0a-sfath	177	Sfath	177	20	
178	Sfa178	0a-sfath	178	Sfath	178	20	
179	Sfa179	0a-sfath	179	Sfath	179	20	
180	Sfa180	0a-sfath	180	Sfath	180	20	
181	Sfa181	0a-sfath	181	Sfath	181	20	
182	Sfa182	0a-sfath	182	Sfath	182	20	
183	Sfa183	0a-sfath	183	Sfath	183	20	
184	Sfa184	0a-sfath	184	Sfath	184	20	
185	Sfa185	0a-sfath	185	Sfath	185	20	
186	Sfa186	0a-sfath	186	Sfath	186	20	
187	Sfa187	0a-sfath	187	Sfath	187	20	
188	Sfa188	0a-sfath	188	Sfath	188	20	
189	Sfa189	0a-sfath	189	Sfath	189	20	
190	Sfa190	0a-sfath	190	Sfath	190	20	
191	Sfa191	0a-sfath	191	Sfath	191	20	
192	Sem1	1a-einführung	1	Semjase	1	27	
193	Sem2	1a-einführung	2	Semjase	2	27	
194	Sem3	1a-einführung	3	Semjase	3	27	
195	Sem4	1a-einführung	4	Semjase	4	27	
196	Sem5	1a-einführung	5	Semjase	5	27	
197	Sem6	1a-einführung	6	Semjase	6	27	
198	Sem7	1a-einführung	7	Semjase	7	27	
199	Sem8	1a-einführung	8	Semjase	8	27	
200	Sem9	1a-einführung	9	Semjase	9	27	
201	Sem10	1a-einführung	10	Semjase	10	27	
202	Sem11	1a-einführung	11	Semjase	11	27	
203	Sem12	1a-einführung	12	Semjase	12	27	
204	Sem13	1a-einführung	13	Semjase	13	27	
205	Sem14	1a-einführung	14	Semjase	14	27	
206	Sem15	1a-einführung	15	Semjase	15	27	
207	Sem16	1a-einführung	16	Semjase	16	27	
208	Sem17	1a-einführung	17	Semjase	17	27	
209	Sem18	1a-einführung	18	Semjase	18	28	
210	Sem19	1a-einführung	19	Semjase	19	28	
211	Sem20	1a-einführung	20	Semjase	20	28	
212	Sem21	1a-einführung	21	Semjase	21	28	
213	Sem22	1a-einführung	22	Semjase	22	28	
214	Sem1	1	1	Semjase	1	28	
215	Sem2	1	2	Semjase	2	28	
216	Sem3	1	3	Semjase	3	28	
217	Sem4	1	4	Semjase	4	28	
218	Sem5	1	5	Semjase	5	28	
219	Sem6	1	6	Semjase	6	28	
220	Sem7	1	7	Semjase	7	28	
221	Sem8	1	8	Semjase	8	28	
222	Sem9	1	9	Semjase	9	28	
223	Sem10	1	10	Semjase	10	28	
224	Sem11	1	11	Semjase	11	28	
225	Sem12	1	12	Semjase	12	28	
226	Sem13	1	13	Semjase	13	28	
227	Sem14	1	14	Semjase	14	28	
228	Sem15	1	15	Semjase	15	28	
229	Sem16	1	16	Semjase	16	28	
230	Sem17	1	17	Semjase	17	28	
231	Sem18	1	18	Semjase	18	29	
232	Sem19	1	19	Semjase	19	29	
233	Sem20	1	20	Semjase	20	29	
234	Sem21	1	21	Semjase	21	29	
235	Sem22	1	22	Semjase	22	29	
236	Sem23	1	23	Semjase	23	29	
237	Sem24	1	24	Semjase	24	29	
238	Sem25	1	25	Semjase	25	29	
239	Sem26	1	26	Semjase	26	29	
240	Sem27	1	27	Semjase	27	29	
241	Sem28	1	28	Semjase	28	29	
242	Sem29	1	29	Semjase	29	29	
243	Sem30	1	30	Semjase	30	29	
244	Sem31	1	31	Semjase	31	29	
245	Sem32	1	32	Semjase	32	29	
246	Sem33	1	33	Semjase	33	29	
247	Sem34	1	34	Semjase	34	29	
248	Sem35	1	35	Semjase	35	29	
249	Sem36	1	36	Semjase	36	29	
250	Sem37	1	37	Semjase	37	29	
251	Sem38	1	38	Semjase	38	29	
252	Sem39	1	39	Semjase	39	29	
253	Sem40	1	40	Semjase	40	29	
254	Sem41	1	41	Semjase	41	29	
255	Sem42	1	42	Semjase	42	29	
256	Sem43	1	43	Semjase	43	29	
257	Sem44	1	44	Semjase	44	29	
258	Sem45	1	45	Semjase	45	29	
259	Sem46	1	46	Semjase	46	29	
260	Sem47	1	47	Semjase	47	29	
261	Sem48	1	48	Semjase	48	29	
262	Sem49	1	49	Semjase	49	29	
263	Sem50	1	50	Semjase	50	29	
264	Sem51	1	51	Semjase	51	30	
265	Sem52	1	52	Semjase	52	30	
266	Sem53	1	53	Semjase	53	30	
267	Sem54	1	54	Semjase	54	30	
268	Sem55	1	55	Semjase	55	30	
269	Sem56	1	56	Semjase	56	30	
270	Sem57	1	57	Semjase	57	30	
271	Sem58	1	58	Semjase	58	30	
272	Sem59	1	59	Semjase	59	30	
273	Sem60	1	60	Semjase	60	30	
274	Sem61	1	61	Semjase	61	30	
275	Sem62	1	62	Semjase	62	30	
276	Sem63	1	63	Semjase	63	30	
277	Sem64	1	64	Semjase	64	30	
278	Sem65	1	65	Semjase	65	30	
279	Sem66	1	66	Semjase	66	30	
280	Sem67	1	67	Semjase	67	30	
281	Sem68	1	68	Semjase	68	30	
282	Sem69	1	69	Semjase	69	30	
283	Sem70	1	70	Semjase	70	30	
284	Sem71	1	71	Semjase	71	30	
285	Sem72	1	72	Semjase	72	30	
286	Sem73	1	73	Semjase	73	30	
287	Sem74	1	74	Semjase	74	30	
288	Sem75	1	75	Semjase	75	30	
289	Sem76	1	76	Semjase	76	30	
290	Sem77	1	77	Semjase	77	30	
291	Sem78	1	78	Semjase	78	30	
292	Sem79	1	79	Semjase	79	30	
293	Sem1	2	1	Semjase	1	31	
294	Sem2	2	2	Semjase	2	31	
295	Sem3	2	3	Semjase	3	31	
296	Sem4	2	4	Semjase	4	31	
297	Sem5	2	5	Semjase	5	31	
298	Sem6	2	6	Semjase	6	31	
299	Sem7	2	7	Semjase	7	31	
300	Sem8	2	8	Semjase	8	31	
301	Sem9	2	9	Semjase	9	31	
302	Sem10	2	10	Semjase	10	31	
303	Sem11	2	11	Semjase	11	31	
304	Sem12	2	12	Semjase	12	31	
305	Sem13	2	13	Semjase	13	31	
306	Sem14	2	14	Semjase	14	31	
307	Sem15	2	15	Semjase	15	31	
308	Sem16	2	16	Semjase	16	31	
309	Sem17	2	17	Semjase	17	31	
310	Sem18	2	18	Semjase	18	31	
311	Sem19	2	19	Semjase	19	31	
312	Sem20	2	20	Semjase	20	31	
313	Sem21	2	21	Semjase	21	31	
314	Sem22	2	22	Semjase	22	31	
315	Sem23	2	23	Semjase	23	32	
316	Sem24	2	24	Semjase	24	32	
317	Sem25	2	25	Semjase	25	32	
318	Sem26	2	26	Semjase	26	32	
319	Sem27	2	27	Semjase	27	32	
320	Sem28	2	28	Semjase	28	32	
321	Sem29	2	29	Semjase	29	32	
322	Sem30	2	30	Semjase	30	32	
323	Sem31	2	31	Semjase	31	32	
324	Sem32	2	32	Semjase	32	32	
325	Sem33	2	33	Semjase	33	32	
326	Sem34	2	34	Semjase	34	32	
327	Sem35	2	35	Semjase	35	32	
328	Sem36	2	36	Semjase	36	32	
329	Sem37	2	37	Semjase	37	32	
330	Sem38	2	38	Semjase	38	32	
331	Sem39	2	39	Semjase	39	32	
332	Sem40	2	40	Semjase	40	32	
333	Sem41	2	41	Semjase	41	32	
334	Sem42	2	42	Semjase	42	32	
335	Sem43	2	43	Semjase	43	32	
336	Sem44	2	44	Semjase	44	32	
337	Sem45	2	45	Semjase	45	32	
338	Sem46	2	46	Semjase	46	32	
339	Sem47	2	47	Semjase	47	32	
340	Sem48	2	48	Semjase	48	33	
341	Sem49	2	49	Semjase	49	33	
342	Sem50	2	50	Semjase	50	33	
343	Sem51	2	51	Semjase	51	33	
344	Sem52	2	52	Semjase	52	33	
345	Sem53	2	53	Semjase	53	33	
346	Sem54	2	54	Semjase	54	33	
347	Sem55	2	55	Semjase	55	33	
348	Sem56	2	56	Semjase	56	33	
349	Sem57	2	57	Semjase	57	33	
350	Sem58	2	58	Semjase	58	33	
351	Sem59	2	59	Semjase	59	33	
352	Sem60	2	60	Semjase	60	33	
353	Sem61	2	61	Semjase	61	33	
354	Sem62	2	62	Semjase	62	33	
355	Sem63	2	63	Semjase	63	33	
356	Sem64	2	64	Semjase	64	33	
357	Sem65	2	65	Semjase	65	33	
358	Sem66	2	66	Semjase	66	33	
359	Sem67	2	67	Semjase	67	33	
360	Sem68	2	68	Semjase	68	33	
361	Sem69	2	69	Semjase	69	33	
362	Sem70	2	70	Semjase	70	34	
363	Sem71	2	71	Semjase	71	34	
364	Sem72	2	72	Semjase	72	34	
365	Sem73	2	73	Semjase	73	34	
366	Sem74	2	74	Semjase	74	34	
367	Sem75	2	75	Semjase	75	34	
368	Sem1	3	1	Semjase	1	34	
369	Sem2	3	2	Semjase	2	34	
370	Sem3	3	3	Semjase	3	34	
371	Sem4	3	4	Semjase	4	34	
372	Sem5	3	5	Semjase	5	34	
373	Sem6	3	6	Semjase	6	34	
374	Sem7	3	7	Semjase	7	35	
375	Sem8	3	8	Semjase	8	35	
376	Sem9	3	9	Semjase	9	35	
377	Sem10	3	10	Semjase	10	35	
378	Sem11	3	11	Semjase	11	35	
379	Sem12	3	12	Semjase	12	35	
380	Sem13	3	13	Semjase	13	35	
381	Sem14	3	14	Semjase	14	35	
382	Sem15	3	15	Semjase	15	35	
383	Sem16	3	16	Semjase	16	35	
384	Sem17	3	17	Semjase	17	35	
385	Sem18	3	18	Semjase	18	35	
386	Sem19	3	19	Semjase	19	35	
387	Sem20	3	20	Semjase	20	35	
388	Sem21	3	21	Semjase	21	35	
389	Sem22	3	22	Semjase	22	35	
390	Sem23	3	23	Semjase	23	35	
391	Sem24	3	24	Semjase	24	35	
392	Sem25	3	25	Semjase	25	35	
393	Sem26	3	26	Semjase	26	35	
394	Sem27	3	27	Semjase	27	35	
395	Sem28	3	28	Semjase	28	35	
396	Sem29	3	29	Semjase	29	35	
397	Sem30	3	30	Semjase	30	36	
398	Sem31	3	31	Semjase	31	36	
399	Sem32	3	32	Semjase	32	36	
400	Sem33	3	33	Semjase	33	36	
401	Sem34	3	34	Semjase	34	36	
402	Sem35	3	35	Semjase	35	36	
403	Sem36	3	36	Semjase	36	36	
404	Sem37	3	37	Semjase	37	36	
405	Sem38	3	38	Semjase	38	36	
406	Sem39	3	39	Semjase	39	36	
407	Sem40	3	40	Semjase	40	36	
408	Sem41	3	41	Semjase	41	36	
409	Sem42	3	42	Semjase	42	36	
410	Sem43	3	43	Semjase	43	36	
411	Sem44	3	44	Semjase	44	36	
412	Sem45	3	45	Semjase	45	37	
413	Sem46	3	46	Semjase	46	37	
414	Sem47	3	47	Semjase	47	37	
415	Sem48	3	48	Semjase	48	37	
416	Sem49	3	49	Semjase	49	37	
417	Sem50	3	50	Semjase	50	37	
418	Sem51	3	51	Semjase	51	37	
419	Sem52	3	52	Semjase	52	37	
420	Sem53	3	53	Semjase	53	37	
421	Sem1	4	1	Semjase	1	38	
422	Sem2	4	2	Semjase	2	38	
423	Sem3	4	3	Semjase	3	38	
424	Sem4	4	4	Semjase	4	38	
425	Sem5	4	5	Semjase	5	38	
426	Sem6	4	6	Semjase	6	38	
427	Sem7	4	7	Semjase	7	38	
428	Sem8	4	8	Semjase	8	38	
429	Sem9	4	9	Semjase	9	38	
430	Sem10	4	10	Semjase	10	38	
431	Sem11	4	11	Semjase	11	38	
432	Sem12	4	12	Semjase	12	38	
433	Sem13	4	13	Semjase	13	38	
434	Sem14	4	14	Semjase	14	38	
435	Sem15	4	15	Semjase	15	38	
436	Sem16	4	16	Semjase	16	38	
437	Sem17	4	17	Semjase	17	38	
438	Sem18	4	18	Semjase	18	38	
439	Sem19	4	19	Semjase	19	38	
440	Sem20	4	20	Semjase	20	38	
441	Sem21	4	21	Semjase	21	38	
442	Sem22	4	22	Semjase	22	38	
443	Sem23	4	23	Semjase	23	38	
444	Sem24	4	24	Semjase	24	38	
445	Sem25	4	25	Semjase	25	38	
446	Sem26	4	26	Semjase	26	38	
447	Sem27	4	27	Semjase	27	38	
448	Sem28	4	28	Semjase	28	39	
449	Sem29	4	29	Semjase	29	39	
450	Sem30	4	30	Semjase	30	39	
451	Sem31	4	31	Semjase	31	39	
452	Sem32	4	32	Semjase	32	39	
453	Sem33	4	33	Semjase	33	39	
454	Sem34	4	34	Semjase	34	39	
455	Sem35	4	35	Semjase	35	39	
456	Sem36	4	36	Semjase	36	39	
457	Sem37	4	37	Semjase	37	39	
458	Sem38	4	38	Semjase	38	39	
459	Sem39	4	39	Semjase	39	39	
460	Sem40	4	40	Semjase	40	39	
461	Sem41	4	41	Semjase	41	39	
462	Sem42	4	42	Semjase	42	39	
463	Sem43	4	43	Semjase	43	39	
464	Sem44	4	44	Semjase	44	39	
465	Sem45	4	45	Semjase	45	39	
466	Sem46	4	46	Semjase	46	39	
467	Sem47	4	47	Semjase	47	39	
468	Sem48	4	48	Semjase	48	40	
469	Sem49	4	49	Semjase	49	40	
470	Sem50	4	50	Semjase	50	40	
471	Sem51	4	51	Semjase	51	40	
472	Sem52	4	52	Semjase	52	40	
473	Sem53	4	53	Semjase	53	40	
474	Sem54	4	54	Semjase	54	40	
475	Sem55	4	55	Semjase	55	40	
476	Sem56	4	56	Semjase	56	40	
477	Sem57	4	57	Semjase	57	40	
478	Sem58	4	58	Semjase	58	40	
479	Sem59	4	59	Semjase	59	40	
480	Sem60	4	60	Semjase	60	40	
481	Sem61	4	61	Semjase	61	40	
482	Sem62	4	62	Semjase	62	40	
483	Sem63	4	63	Semjase	63	40	
484	Sem64	4	64	Semjase	64	40	
485	Sem65	4	65	Semjase	65	40	
486	Sem66	4	66	Semjase	66	40	
487	Sem67	4	67	Semjase	67	40	
488	Sem68	4	68	Semjase	68	41	
489	Sem69	4	69	Semjase	69	41	
490	Sem70	4	70	Semjase	70	41	
491	Sem71	4	71	Semjase	71	41	
492	Sem72	4	72	Semjase	72	41	
493	Sem73	4	73	Semjase	73	41	
494	Sem74	4	74	Semjase	74	41	
495	Sem75	4	75	Semjase	75	41	
496	Sem76	4	76	Semjase	76	41	
497	Sem77	4	77	Semjase	77	41	
498	Sem78	4	78	Semjase	78	41	
499	Sem79	4	79	Semjase	79	41	
500	Sem80	4	80	Semjase	80	41	
501	Sem81	4	81	Semjase	81	41	
502	Sem82	4	82	Semjase	82	41	
503	Sem83	4	83	Semjase	83	41	
504	Sem84	4	84	Semjase	84	41	
505	Sem85	4	85	Semjase	85	41	
506	Sem86	4	86	Semjase	86	41	
507	Sem87	4	87	Semjase	87	41	
508	Sem88	4	88	Semjase	88	42	
509	Sem89	4	89	Semjase	89	42	
510	Sem90	4	90	Semjase	90	42	
511	Sem91	4	91	Semjase	91	42	
512	Sem92	4	92	Semjase	92	42	
513	Sem93	4	93	Semjase	93	42	
514	Sem94	4	94	Semjase	94	42	
515	Sem95	4	95	Semjase	95	42	
516	Sem96	4	96	Semjase	96	42	
517	Sem97	4	97	Semjase	97	42	
518	Sem98	4	98	Semjase	98	42	
519	Sem99	4	99	Semjase	99	42	
520	Sem100	4	100	Semjase	100	42	
521	Sem101	4	101	Semjase	101	42	
522	Sem102	4	102	Semjase	102	42	
523	Sem103	4	103	Semjase	103	42	
524	Sem104	4	104	Semjase	104	42	
525	Sem105	4	105	Semjase	105	42	
526	Sem106	4	106	Semjase	106	42	
527	Sem107	4	107	Semjase	107	42	
528	Sem108	4	108	Semjase	108	42	
529	Sem109	4	109	Semjase	109	42	
530	Sem110	4	110	Semjase	110	42	
531	Sem111	4	111	Semjase	111	42	
532	Sem112	4	112	Semjase	112	42	
533	Sem113	4	113	Semjase	113	42	
534	Sem114	4	114	Semjase	114	43	
535	Sem115	4	115	Semjase	115	43	
536	Sem116	4	116	Semjase	116	43	
537	Sem1	5	1	Semjase	1	43	
538	Sem2	5	2	Semjase	2	43	
539	Sem3	5	3	Semjase	3	43	
540	Sem4	5	4	Semjase	4	43	
541	Sem5	5	5	Semjase	5	43	
542	Sem6	5	6	Semjase	6	43	
543	Sem7	5	7	Semjase	7	43	
544	Sem8	5	8	Semjase	8	43	
545	Sem9	5	9	Semjase	9	43	
546	Sem10	5	10	Semjase	10	43	
547	Sem11	5	11	Semjase	11	43	
548	Sem12	5	12	Semjase	12	44	
549	Sem13	5	13	Semjase	13	44	
550	Sem14	5	14	Semjase	14	44	
551	Sem15	5	15	Semjase	15	44	
552	Sem16	5	16	Semjase	16	44	
553	Sem17	5	17	Semjase	17	44	
554	Sem18	5	18	Semjase	18	44	
555	Sem19	5	19	Semjase	19	44	
556	Sem20	5	20	Semjase	20	44	
557	Sem21	5	21	Semjase	21	44	
558	Sem22	5	22	Semjase	22	44	
559	Sem23	5	23	Semjase	23	44	
560	Sem24	5	24	Semjase	24	44	
561	Sem25	5	25	Semjase	25	44	
562	Sem26	5	26	Semjase	26	44	
563	Sem27	5	27	Semjase	27	44	
564	Sem28	5	28	Semjase	28	44	
565	Sem29	5	29	Semjase	29	44	
566	Sem30	5	30	Semjase	30	44	
567	Sem31	5	31	Semjase	31	45	
568	Sem32	5	32	Semjase	32	45	
569	Sem33	5	33	Semjase	33	45	
570	Sem34	5	34	Semjase	34	45	
571	Sem35	5	35	Semjase	35	45	
572	Sem36	5	36	Semjase	36	45	
573	Sem37	5	37	Semjase	37	45	
574	Sem38	5	38	Semjase	38	45	
575	Sem39	5	39	Semjase	39	45	
576	Sem40	5	40	Semjase	40	45	
577	Sem41	5	41	Semjase	41	45	
578	Sem42	5	42	Semjase	42	45	
579	Sem43	5	43	Semjase	43	45	
580	Sem44	5	44	Semjase	44	45	
581	Sem45	5	45	Semjase	45	45	
582	Sem46	5	46	Semjase	46	45	
583	Sem47	5	47	Semjase	47	45	
584	Sem48	5	48	Semjase	48	45	
585	Sem49	5	49	Semjase	49	45	
586	Sem50	5	50	Semjase	50	45	
587	Sem51	5	51	Semjase	51	45	
588	Sem52	5	52	Semjase	52	45	
589	Sem53	5	53	Semjase	53	45	
590	Sem54	5	54	Semjase	54	45	
591	Sem55	5	55	Semjase	55	45	
592	Sem56	5	56	Semjase	56	45	
593	Sem57	5	57	Semjase	57	45	
594	Sem58	5	58	Semjase	58	45	
595	Sem59	5	59	Semjase	59	46	
596	Sem60	5	60	Semjase	60	46	
597	Sem61	5	61	Semjase	61	46	
598	Sem62	5	62	Semjase	62	46	
599	Sem63	5	63	Semjase	63	46	
600	Sem64	5	64	Semjase	64	46	
601	Sem65	5	65	Semjase	65	46	
602	Sem66	5	66	Semjase	66	46	
603	Sem67	5	67	Semjase	67	46	
604	Sem68	5	68	Semjase	68	46	
605	Sem69	5	69	Semjase	69	46	
606	Sem70	5	70	Semjase	70	46	
607	Sem71	5	71	Semjase	71	46	
608	Sem72	5	72	Semjase	72	46	
609	Sem73	5	73	Semjase	73	46	
610	Sem74	5	74	Semjase	74	46	
611	Sem75	5	75	Semjase	75	46	
612	Sem76	5	76	Semjase	76	46	
613	Sem77	5	77	Semjase	77	46	
614	Sem78	5	78	Semjase	78	46	
615	Sem79	5	79	Semjase	79	46	
616	Sem80	5	80	Semjase	80	46	
617	Sem81	5	81	Semjase	81	46	
618	Sem82	5	82	Semjase	82	46	
619	Sem83	5	83	Semjase	83	46	
620	Sem84	5	84	Semjase	84	47	
621	Sem85	5	85	Semjase	85	47	
622	Sem86	5	86	Semjase	86	47	
623	Sem87	5	87	Semjase	87	47	
624	Sem88	5	88	Semjase	88	47	
625	Sem89	5	89	Semjase	89	47	
626	Sem90	5	90	Semjase	90	47	
627	Sem91	5	91	Semjase	91	47	
628	Sem92	5	92	Semjase	92	47	
629	Sem93	5	93	Semjase	93	47	
630	Sem94	5	94	Semjase	94	47	
631	Sem95	5	95	Semjase	95	47	
632	Sem96	5	96	Semjase	96	47	
633	Sem97	5	97	Semjase	97	47	
634	Sem98	5	98	Semjase	98	47	
635	Sem99	5	99	Semjase	99	47	
636	Sem100	5	100	Semjase	100	47	
637	Sem101	5	101	Semjase	101	47	
638	Sem102	5	102	Semjase	102	47	
639	Sem103	5	103	Semjase	103	47	
640	Sem104	5	104	Semjase	104	47	
641	Sem105	5	105	Semjase	105	47	
642	Sem106	5	106	Semjase	106	47	
643	Sem107	5	107	Semjase	107	47	
644	Sem108	5	108	Semjase	108	47	
645	Sem109	5	109	Semjase	109	47	
646	Sem110	5	110	Semjase	110	47	
647	Sem111	5	111	Semjase	111	47	
648	Sem112	5	112	Semjase	112	47	
649	Sem113	5	113	Semjase	113	47	
650	Sem114	5	114	Semjase	114	48	
651	Sem115	5	115	Semjase	115	48	
652	Sem116	5	116	Semjase	116	48	
653	Sem117	5	117	Semjase	117	48	
654	Sem118	5	118	Semjase	118	48	
655	Sem119	5	119	Semjase	119	48	
656	Sem120	5	120	Semjase	120	48	
657	Sem121	5	121	Semjase	121	48	
658	Sem122	5	122	Semjase	122	48	
659	Sem123	5	123	Semjase	123	48	
660	Sem124	5	124	Semjase	124	48	
661	Sem125	5	125	Semjase	125	48	
662	Sem126	5	126	Semjase	126	48	
663	Sem127	5	127	Semjase	127	48	
664	Sem128	5	128	Semjase	128	48	
665	Sem129	5	129	Semjase	129	48	
666	Sem130	5	130	Semjase	130	48	
667	Sem131	5	131	Semjase	131	48	
668	Sem132	5	132	Semjase	132	48	
669	Sem133	5	133	Semjase	133	48	
670	Sem134	5	134	Semjase	134	48	
671	Sem135	5	135	Semjase	135	48	
672	Sem136	5	136	Semjase	136	48	
673	Sem137	5	137	Semjase	137	48	
674	Sem138	5	138	Semjase	138	48	
675	Sem139	5	139	Semjase	139	48	
676	Sem140	5	140	Semjase	140	49	
677	Sem141	5	141	Semjase	141	49	
678	Sem142	5	142	Semjase	142	49	
679	Sem143	5	143	Semjase	143	49	
680	Sem144	5	144	Semjase	144	49	
681	Sem145	5	145	Semjase	145	49	
682	Sem146	5	146	Semjase	146	49	
683	Sem147	5	147	Semjase	147	49	
684	Sem148	5	148	Semjase	148	49	
685	Sem149	5	149	Semjase	149	49	
686	Sem150	5	150	Semjase	150	49	
687	Sem151	5	151	Semjase	151	49	
688	Sem152	5	152	Semjase	152	49	
689	Sem153	5	153	Semjase	153	49	
690	Sem154	5	154	Semjase	154	49	
691	Sem155	5	155	Semjase	155	49	
692	Sem156	5	156	Semjase	156	49	
693	Sem157	5	157	Semjase	157	49	
694	Sem158	5	158	Semjase	158	49	
695	Sem159	5	159	Semjase	159	49	
696	Sem160	5	160	Semjase	160	49	
697	Sem161	5	161	Semjase	161	49	
698	Sem162	5	162	Semjase	162	49	
699	Sem163	5	163	Semjase	163	49	
700	Sem164	5	164	Semjase	164	49	
701	Sem165	5	165	Semjase	165	49	
702	Sem166	5	166	Semjase	166	49	
703	Sem167	5	167	Semjase	167	49	
704	Sem168	5	168	Semjase	168	49	
705	Sem169	5	169	Semjase	169	49	
706	Sem170	5	170	Semjase	170	49	
707	Sem171	5	171	Semjase	171	50	
708	Sem172	5	172	Semjase	172	50	
709	Sem173	5	173	Semjase	173	50	
710	Sem174	5	174	Semjase	174	50	
711	Sem175	5	175	Semjase	175	50	
712	Sem176	5	176	Semjase	176	50	
713	Sem177	5	177	Semjase	177	50	
714	Sem178	5	178	Semjase	178	50	
715	Sem179	5	179	Semjase	179	50	
716	Sem180	5	180	Semjase	180	50	
717	Sem181	5	181	Semjase	181	50	
718	Sem182	5	182	Semjase	182	50	
719	Sem183	5	183	Semjase	183	50	
720	Sem184	5	184	Semjase	184	50	
721	Sem185	5	185	Semjase	185	50	
722	Sem186	5	186	Semjase	186	50	
723	Sem187	5	187	Semjase	187	50	
724	Sem188	5	188	Semjase	188	50	
725	Sem189	5	189	Semjase	189	50	
726	Sem190	5	190	Semjase	190	50	
727	Sem191	5	191	Semjase	191	50	
728	Sem192	5	192	Semjase	192	50	
729	Sem193	5	193	Semjase	193	50	
730	Sem194	5	194	Semjase	194	50	
731	Sem195	5	195	Semjase	195	50	
732	Sem1	6	1	Semjase	1	50	
733	Sem2	6	2	Semjase	2	50	
734	Sem3	6	3	Semjase	3	50	
735	Sem4	6	4	Semjase	4	51	
736	Sem5	6	5	Semjase	5	51	
737	Sem6	6	6	Semjase	6	51	
738	Sem7	6	7	Semjase	7	51	
739	Sem8	6	8	Semjase	8	51	
740	Sem9	6	9	Semjase	9	51	
741	Sem10	6	10	Semjase	10	51	
742	Sem11	6	11	Semjase	11	51	
743	Sem12	6	12	Semjase	12	51	
744	Sem13	6	13	Semjase	13	51	
745	Sem14	6	14	Semjase	14	51	
746	Sem15	6	15	Semjase	15	51	
747	Sem16	6	16	Semjase	16	51	
748	Sem17	6	17	Semjase	17	51	
749	Sem18	6	18	Semjase	18	51	
750	Sem19	6	19	Semjase	19	51	
751	Sem20	6	20	Semjase	20	51	
752	Sem21	6	21	Semjase	21	51	
753	Sem22	6	22	Semjase	22	51	
754	Sem23	6	23	Semjase	23	51	
755	Sem24	6	24	Semjase	24	51	
756	Sem25	6	25	Semjase	25	51	
757	Sem26	6	26	Semjase	26	51	
758	Sem27	6	27	Semjase	27	51	
759	Sem28	6	28	Semjase	28	52	
760	Sem29	6	29	Semjase	29	52	
761	Sem30	6	30	Semjase	30	52	
762	Sem31	6	31	Semjase	31	52	
763	Sem32	6	32	Semjase	32	52	
764	Sem33	6	33	Semjase	33	52	
765	Sem34	6	34	Semjase	34	52	
766	Sem35	6	35	Semjase	35	52	
767	Sem36	6	36	Semjase	36	52	
768	Sem37	6	37	Semjase	37	52	
769	Sem38	6	38	Semjase	38	52	
770	Sem39	6	39	Semjase	39	52	
771	Sem40	6	40	Semjase	40	52	
772	Sem41	6	41	Semjase	41	52	
773	Sem42	6	42	Semjase	42	52	
774	Sem43	6	43	Semjase	43	53	
775	Sem44	6	44	Semjase	44	53	
776	Sem45	6	45	Semjase	45	53	
777	Sem46	6	46	Semjase	46	53	
778	Sem47	6	47	Semjase	47	53	
779	Sem48	6	48	Semjase	48	53	
780	Sem49	6	49	Semjase	49	53	
781	Sem50	6	50	Semjase	50	53	
782	Sem51	6	51	Semjase	51	53	
783	Sem52	6	52	Semjase	52	53	
784	Sem53	6	53	Semjase	53	53	
785	Sem54	6	54	Semjase	54	53	
786	Sem55	6	55	Semjase	55	53	
787	Sem56	6	56	Semjase	56	53	
788	Sem57	6	57	Semjase	57	53	
789	Sem58	6	58	Semjase	58	53	
790	Sem59	6	59	Semjase	59	53	
791	Sem60	6	60	Semjase	60	53	
792	Sem61	6	61	Semjase	61	53	
793	Sem62	6	62	Semjase	62	53	
794	Sem63	6	63	Semjase	63	53	
795	Sem64	6	64	Semjase	64	53	
796	Sem65	6	65	Semjase	65	53	
797	Sem66	6	66	Semjase	66	53	
798	Sem67	6	67	Semjase	67	53	
799	Sem68	6	68	Semjase	68	53	
800	Sem69	6	69	Semjase	69	53	
801	Sem70	6	70	Semjase	70	53	
802	Sem71	6	71	Semjase	71	53	
803	Sem72	6	72	Semjase	72	54	
804	Sem73	6	73	Semjase	73	54	
805	Sem74	6	74	Semjase	74	54	
806	Sem75	6	75	Semjase	75	54	
807	Sem76	6	76	Semjase	76	54	
808	Sem77	6	77	Semjase	77	54	
809	Sem78	6	78	Semjase	78	54	
810	Sem79	6	79	Semjase	79	54	
811	Sem80	6	80	Semjase	80	54	
812	Sem81	6	81	Semjase	81	54	
813	Sem82	6	82	Semjase	82	54	
814	Sem83	6	83	Semjase	83	54	
815	Sem84	6	84	Semjase	84	54	
816	Sem85	6	85	Semjase	85	54	
817	Sem86	6	86	Semjase	86	54	
818	Sem87	6	87	Semjase	87	54	
819	Sem88	6	88	Semjase	88	54	
820	Sem89	6	89	Semjase	89	54	
821	Sem90	6	90	Semjase	90	54	
822	Sem91	6	91	Semjase	91	54	
823	Sem92	6	92	Semjase	92	54	
824	Sem93	6	93	Semjase	93	54	
825	Sem94	6	94	Semjase	94	54	
826	Sem95	6	95	Semjase	95	54	
827	Sem96	6	96	Semjase	96	54	
828	Sem97	6	97	Semjase	97	54	
829	Sem98	6	98	Semjase	98	54	
830	Sem99	6	99	Semjase	99	54	
831	Sem100	6	100	Semjase	100	54	
832	Sem101	6	101	Semjase	101	54	
833	Sem102	6	102	Semjase	102	54	
834	Sem103	6	103	Semjase	103	54	
835	Sem104	6	104	Semjase	104	54	
836	Sem105	6	105	Semjase	105	55	
837	Sem106	6	106	Semjase	106	55	
838	Sem107	6	107	Semjase	107	55	
839	Sem108	6	108	Semjase	108	55	
840	Sem109	6	109	Semjase	109	55	
841	Sem110	6	110	Semjase	110	55	
842	Sem111	6	111	Semjase	111	55	
843	Sem112	6	112	Semjase	112	55	
844	Sem113	6	113	Semjase	113	55	
845	Sem114	6	114	Semjase	114	55	
846	Sem115	6	115	Semjase	115	55	
847	Sem116	6	116	Semjase	116	55	
848	Sem117	6	117	Semjase	117	55	
849	Sem118	6	118	Semjase	118	55	
850	Sem119	6	119	Semjase	119	55	
851	Sem120	6	120	Semjase	120	55	
852	Sem121	6	121	Semjase	121	55	
853	Sem1	7	1	Semjase	1	55	
854	Sem2	7	2	Semjase	2	55	
855	Sem3	7	3	Semjase	3	56	
856	Sem4	7	4	Semjase	4	56	
857	Sem5	7	5	Semjase	5	56	
858	Sem6	7	6	Semjase	6	56	
859	Sem7	7	7	Semjase	7	56	
860	Sem8	7	8	Semjase	8	56	
861	Sem9	7	9	Semjase	9	56	
862	Sem10	7	10	Semjase	10	56	
863	Sem11	7	11	Semjase	11	56	
864	Sem12	7	12	Semjase	12	56	
865	Sem13	7	13	Semjase	13	56	
866	Sem14	7	14	Semjase	14	56	
867	Sem15	7	15	Semjase	15	56	
868	Sem16	7	16	Semjase	16	56	
869	Sem17	7	17	Semjase	17	56	
870	Sem18	7	18	Semjase	18	56	
871	Sem19	7	19	Semjase	19	56	
872	Sem20	7	20	Semjase	20	56	
873	Sem21	7	21	Semjase	21	56	
874	Sem22	7	22	Semjase	22	57	
875	Sem23	7	23	Semjase	23	57	
876	Sem24	7	24	Semjase	24	57	
877	Sem25	7	25	Semjase	25	57	
878	Sem26	7	26	Semjase	26	57	
879	Sem27	7	27	Semjase	27	57	
880	Sem28	7	28	Semjase	28	57	
881	Sem29	7	29	Semjase	29	57	
882	Sem30	7	30	Semjase	30	57	
883	Sem31	7	31	Semjase	31	57	
884	Sem32	7	32	Semjase	32	57	
885	Sem33	7	33	Semjase	33	57	
886	Sem34	7	34	Semjase	34	57	
887	Sem35	7	35	Semjase	35	57	
888	Sem36	7	36	Semjase	36	57	
889	Sem37	7	37	Semjase	37	57	
890	Sem38	7	38	Semjase	38	57	
891	Sem39	7	39	Semjase	39	57	
892	Sem40	7	40	Semjase	40	57	
893	Sem41	7	41	Semjase	41	57	
894	Sem42	7	42	Semjase	42	57	
895	Sem43	7	43	Semjase	43	57	
896	Sem44	7	44	Semjase	44	57	
897	Sem45	7	45	Semjase	45	58	
898	Sem46	7	46	Semjase	46	58	
899	Sem47	7	47	Semjase	47	58	
900	Sem48	7	48	Semjase	48	58	
901	Sem49	7	49	Semjase	49	58	
902	Sem50	7	50	Semjase	50	58	
903	Sem51	7	51	Semjase	51	58	
904	Sem52	7	52	Semjase	52	58	
905	Sem53	7	53	Semjase	53	58	
906	Sem54	7	54	Semjase	54	58	
907	Sem55	7	55	Semjase	55	58	
908	Sem56	7	56	Semjase	56	58	
909	Sem57	7	57	Semjase	57	58	
910	Sem58	7	58	Semjase	58	58	
911	Sem59	7	59	Semjase	59	58	
912	Sem60	7	60	Semjase	60	58	
913	Sem61	7	61	Semjase	61	58	
914	Sem62	7	62	Semjase	62	58	
915	Sem63	7	63	Semjase	63	58	
916	Sem64	7	64	Semjase	64	58	
917	Sem65	7	65	Semjase	65	59	
918	Sem66	7	66	Semjase	66	59	
919	Sem67	7	67	Semjase	67	59	
920	Sem68	7	68	Semjase	68	59	
921	Sem69	7	69	Semjase	69	59	
922	Sem70	7	70	Semjase	70	59	
923	Sem71	7	71	Semjase	71	59	
924	Sem72	7	72	Semjase	72	59	
925	Sem73	7	73	Semjase	73	59	
926	Sem74	7	74	Semjase	74	59	
927	Sem75	7	75	Semjase	75	59	
928	Sem76	7	76	Semjase	76	59	
929	Sem77	7	77	Semjase	77	60	
930	Sem78	7	78	Semjase	78	60	
931	Sem79	7	79	Semjase	79	60	
932	Sem80	7	80	Semjase	80	60	
933	Sem81	7	81	Semjase	81	60	
934	Sem82	7	82	Semjase	82	60	
935	Sem83	7	83	Semjase	83	60	
936	Sem84	7	84	Semjase	84	60	
937	Sem85	7	85	Semjase	85	60	
938	Sem86	7	86	Semjase	86	60	
939	Sem87	7	87	Semjase	87	60	
940	Sem88	7	88	Semjase	88	60	
941	Sem89	7	89	Semjase	89	60	
942	Sem90	7	90	Semjase	90	60	
943	Sem91	7	91	Semjase	91	60	
944	Sem92	7	92	Semjase	92	60	
945	Sem93	7	93	Semjase	93	60	
946	Sem94	7	94	Semjase	94	61	
947	Sem95	7	95	Semjase	95	61	
948	Sem96	7	96	Semjase	96	61	
949	Sem97	7	97	Semjase	97	61	
950	Sem98	7	98	Semjase	98	61	
951	Sem99	7	99	Semjase	99	61	
952	Sem100	7	100	Semjase	100	61	
953	Sem101	7	101	Semjase	101	61	
954	Sem102	7	102	Semjase	102	61	
955	Sem103	7	103	Semjase	103	61	
956	Sem104	7	104	Semjase	104	61	
957	Sem105	7	105	Semjase	105	61	
958	Sem106	7	106	Semjase	106	61	
959	Sem107	7	107	Semjase	107	61	
960	Sem108	7	108	Semjase	108	61	
961	Sem109	7	109	Semjase	109	61	
962	Sem110	7	110	Semjase	110	61	
963	Sem111	7	111	Semjase	111	62	
964	Sem112	7	112	Semjase	112	62	
965	Sem113	7	113	Semjase	113	62	
966	Sem114	7	114	Semjase	114	62	
967	Sem115	7	115	Semjase	115	62	
968	Sem116	7	116	Semjase	116	62	
969	Sem117	7	117	Semjase	117	62	
970	Sem118	7	118	Semjase	118	62	
971	Sem119	7	119	Semjase	119	62	
972	Sem120	7	120	Semjase	120	62	
973	Sem121	7	121	Semjase	121	62	
974	Sem122	7	122	Semjase	122	62	
975	Sem123	7	123	Semjase	123	62	
976	Sem124	7	124	Semjase	124	62	
977	Sem125	7	125	Semjase	125	62	
978	Sem126	7	126	Semjase	126	62	
979	Sem127	7	127	Semjase	127	62	
980	Sem128	7	128	Semjase	128	63	
981	Sem129	7	129	Semjase	129	63	
982	Sem130	7	130	Semjase	130	63	
983	Sem131	7	131	Semjase	131	63	
984	Sem132	7	132	Semjase	132	63	
985	Sem133	7	133	Semjase	133	63	
986	Sem134	7	134	Semjase	134	63	
987	Sem135	7	135	Semjase	135	63	
988	Sem136	7	136	Semjase	136	63	
989	Sem137	7	137	Semjase	137	63	
990	Sem138	7	138	Semjase	138	63	
991	Sem139	7	139	Semjase	139	63	
992	Sem140	7	140	Semjase	140	63	
993	Sem141	7	141	Semjase	141	63	
994	Sem142	7	142	Semjase	142	63	
995	Sem143	7	143	Semjase	143	63	
996	Sem144	7	144	Semjase	144	63	
997	Sem145	7	145	Semjase	145	63	
998	Sem146	7	146	Semjase	146	63	
999	Sem147	7	147	Semjase	147	63	
1000	Sem148	7	148	Semjase	148	63	
1001	Sem149	7	149	Semjase	149	63	
1002	Sem150	7	150	Semjase	150	63	
1003	Sem151	7	151	Semjase	151	63	
1004	Sem152	7	152	Semjase	152	63	
1005	Sem153	7	153	Semjase	153	63	
1006	Sem154	7	154	Semjase	154	63	
1007	Sem155	7	155	Semjase	155	63	
1008	Sem156	7	156	Semjase	156	65	
1009	Sem157	7	157	Semjase	157	65	
1010	Sem158	7	158	Semjase	158	65	
1011	Sem159	7	159	Semjase	159	65	
1012	Sem160	7	160	Semjase	160	65	
1013	Sem161	7	161	Semjase	161	65	
1014	Sem162	7	162	Semjase	162	65	
1015	Sem163	7	163	Semjase	163	65	
1016	Sem164	7	164	Semjase	164	65	
1017	Sem165	7	165	Semjase	165	65	
1018	Sem166	7	166	Semjase	166	65	
1019	Sem167	7	167	Semjase	167	65	
1020	Sem168	7	168	Semjase	168	65	
1021	Sem169	7	169	Semjase	169	65	
1022	Sem170	7	170	Semjase	170	65	
1023	Sem171	7	171	Semjase	171	65	
1024	Sem172	7	172	Semjase	172	65	
1025	Sem173	7	173	Semjase	173	65	
1026	Sem174	7	174	Semjase	174	65	
1027	Sem175	7	175	Semjase	175	65	
1028	Sem176	7	176	Semjase	176	65	
1029	Sem177	7	177	Semjase	177	65	
1030	Sem178	7	178	Semjase	178	65	
1031	Sem179	7	179	Semjase	179	65	
1032	Sem180	7	180	Semjase	180	65	
1033	Sem181	7	181	Semjase	181	66	
1034	Sem182	7	182	Semjase	182	66	
1035	Sem183	7	183	Semjase	183	66	
1036	Sem184	7	184	Semjase	184	66	
1037	Sem185	7	185	Semjase	185	66	
1038	Sem186	7	186	Semjase	186	66	
1039	Sem187	7	187	Semjase	187	66	
1040	Sem188	7	188	Semjase	188	66	
1041	Sem189	7	189	Semjase	189	66	
1042	Sem190	7	190	Semjase	190	66	
1043	Sem191	7	191	Semjase	191	66	
1044	Sem192	7	192	Semjase	192	66	
1045	Sem193	7	193	Semjase	193	66	
1046	Sem194	7	194	Semjase	194	66	
1047	Sem195	7	195	Semjase	195	66	
1048	Sem196	7	196	Semjase	196	66	
1049	Sem197	7	197	Semjase	197	66	
1050	Sem198	7	198	Semjase	198	66	
1051	Sem199	7	199	Semjase	199	66	
1052	Sem200	7	200	Semjase	200	66	
1053	Sem201	7	201	Semjase	201	66	
1054	Sem202	7	202	Semjase	202	66	
1055	Sem203	7	203	Semjase	203	66	
1056	Sem204	7	204	Semjase	204	67	
1057	Sem205	7	205	Semjase	205	67	
1058	Sem206	7	206	Semjase	206	67	
1059	Sem207	7	207	Semjase	207	67	
1060	Sem208	7	208	Semjase	208	67	
1061	Sem209	7	209	Semjase	209	67	
1062	Sem210	7	210	Semjase	210	67	
1063	Sem211	7	211	Semjase	211	67	
1064	Sem212	7	212	Semjase	212	67	
1065	Sem213	7	213	Semjase	213	67	
1066	Sem214	7	214	Semjase	214	67	
1067	Sem215	7	215	Semjase	215	67	
1068	Sem216	7	216	Semjase	216	67	
1069	Sem217	7	217	Semjase	217	67	
1070	Sem218	7	218	Semjase	218	67	
1071	Sem219	7	219	Semjase	219	67	
1072	Sem220	7	220	Semjase	220	67	
1073	Sem221	7	221	Semjase	221	67	
1074	Sem222	7	222	Semjase	222	67	
1075	Sem223	7	223	Semjase	223	67	
1076	Sem224	7	224	Semjase	224	67	
1077	Sem225	7	225	Semjase	225	67	
1078	Sem226	7	226	Semjase	226	67	
1079	Sem227	7	227	Semjase	227	67	
1080	Sem228	7	228	Semjase	228	67	
1081	Sem229	7	229	Semjase	229	68	
1082	Sem230	7	230	Semjase	230	68	
1083	Sem231	7	231	Semjase	231	68	
1084	Sem232	7	232	Semjase	232	68	
1085	Sem233	7	233	Semjase	233	68	
1086	Sem234	7	234	Semjase	234	68	
1087	Sem235	7	235	Semjase	235	68	
1088	Sem236	7	236	Semjase	236	68	
1089	Sem237	7	237	Semjase	237	68	
1090	Sem238	7	238	Semjase	238	68	
1091	Sem239	7	239	Semjase	239	68	
1092	Sem240	7	240	Semjase	240	68	
1093	Sem241	7	241	Semjase	241	68	
1094	Sem242	7	242	Semjase	242	68	
1095	Sem243	7	243	Semjase	243	68	
1096	Sem244	7	244	Semjase	244	68	
1097	Sem245	7	245	Semjase	245	68	
1098	Sem246	7	246	Semjase	246	68	
1099	Sem247	7	247	Semjase	247	68	
1100	Sem248	7	248	Semjase	248	68	
1101	Sem249	7	249	Semjase	249	69	
1102	Sem250	7	250	Semjase	250	69	
1103	Sem251	7	251	Semjase	251	69	
1104	Sem252	7	252	Semjase	252	69	
1105	Sem1	7a-auftrag1	1	Semjase	1	69	
1106	Sem1	7b-auftrag2	1	Semjase	1	69	
1107	Sem2	7b-auftrag2	2	Semjase	2	69	
1108	Sem3	7b-auftrag2	3	Semjase	3	69	
1109	Sem4	7b-auftrag2	4	Semjase	4	69	
1110	Sem5	7b-auftrag2	5	Semjase	5	69	
1111	Sem6	7b-auftrag2	6	Semjase	6	69	
1112	Sem7	7b-auftrag2	7	Semjase	7	69	
1113	Sem8	7b-auftrag2	8	Semjase	8	69	
1114	Sem9	7b-auftrag2	9	Semjase	9	69	
1115	Sem10	7b-auftrag2	10	Semjase	10	70	
1116	Sem11	7b-auftrag2	11	Semjase	11	70	
1117	Sem12	7b-auftrag2	12	Semjase	12	70	
1118	Sem13	7b-auftrag2	13	Semjase	13	70	
1119	Sem14	7b-auftrag2	14	Semjase	14	70	
1120	Sem15	7b-auftrag2	15	Semjase	15	70	
1121	Sem16	7b-auftrag2	16	Semjase	16	70	
1122	Sem17	7b-auftrag2	17	Semjase	17	70	
1123	Sem18	7b-auftrag2	18	Semjase	18	70	
1124	Sem1	7c-auftrag3	1	Semjase	1	73	
1125	Sem2	7c-auftrag3	2	Semjase	2	73	
1126	Sem3	7c-auftrag3	3	Semjase	3	73	
1127	Sem4	7c-auftrag3	4	Semjase	4	73	
1128	Sem5	7c-auftrag3	5	Semjase	5	73	
1129	Sem6	7c-auftrag3	6	Semjase	6	73	
1130	Sem7	7c-auftrag3	7	Semjase	7	73	
1131	Sem8	7c-auftrag3	8	Semjase	8	73	
1132	Sem9	7c-auftrag3	9	Semjase	9	73	
1133	Sem10	7c-auftrag3	10	Semjase	10	73	
1134	Sem11	7c-auftrag3	11	Semjase	11	73	
1135	Sem12	7c-auftrag3	12	Semjase	12	73	
1136	Sem13	7c-auftrag3	13	Semjase	13	73	
1137	Sem14	7c-auftrag3	14	Semjase	14	73	
1138	Sem15	7c-auftrag3	15	Semjase	15	73	
1139	Sem16	7c-auftrag3	16	Semjase	16	73	
1140	Sem17	7c-auftrag3	17	Semjase	17	73	
1141	Sem18	7c-auftrag3	18	Semjase	18	73	
1142	Sem19	7c-auftrag3	19	Semjase	19	73	
1143	Sem20	7c-auftrag3	20	Semjase	20	73	
1144	Sem21	7c-auftrag3	21	Semjase	21	73	
1145	Sem22	7c-auftrag3	22	Semjase	22	73	
1146	Sem23	7c-auftrag3	23	Semjase	23	74	
1147	Sem24	7c-auftrag3	24	Semjase	24	74	
1148	Sem25	7c-auftrag3	25	Semjase	25	74	
1149	Sem26	7c-auftrag3	26	Semjase	26	74	
1150	Sem27	7c-auftrag3	27	Semjase	27	74	
1151	Sem28	7c-auftrag3	28	Semjase	28	74	
1152	Sem29	7c-auftrag3	29	Semjase	29	74	
1153	Sem30	7c-auftrag3	30	Semjase	30	74	
1154	Sem31	7c-auftrag3	31	Semjase	31	74	
1155	Sem32	7c-auftrag3	32	Semjase	32	74	
1156	Sem33	7c-auftrag3	33	Semjase	33	74	
1157	Sem34	7c-auftrag3	34	Semjase	34	74	
1158	Sem35	7c-auftrag3	35	Semjase	35	74	
1159	Sem36	7c-auftrag3	36	Semjase	36	74	
1160	Sem37	7c-auftrag3	37	Semjase	37	74	
1161	Sem38	7c-auftrag3	38	Semjase	38	74	
1162	Sem39	7c-auftrag3	39	Semjase	39	74	
1163	Sem40	7c-auftrag3	40	Semjase	40	74	
1164	Sem41	7c-auftrag3	41	Semjase	41	74	
1165	Sem42	7c-auftrag3	42	Semjase	42	74	
1166	Sem43	7c-auftrag3	43	Semjase	43	74	
1167	Sem44	7c-auftrag3	44	Semjase	44	74	
1168	Sem45	7c-auftrag3	45	Semjase	45	74	
1169	Sem46	7c-auftrag3	46	Semjase	46	74	
1170	Sem1	8	1	Semjase	1	76	
1171	Sem2	8	2	Semjase	2	76	
1172	Sem3	8	3	Semjase	3	76	
1173	Sem4	8	4	Semjase	4	76	
1174	Sem5	8	5	Semjase	5	76	
1175	Sem6	8	6	Semjase	6	76	
1176	Sem7	8	7	Semjase	7	76	
1177	Sem8	8	8	Semjase	8	76	
1178	Sem9	8	9	Semjase	9	76	
1179	Sem10	8	10	Semjase	10	76	
1180	Sem11	8	11	Semjase	11	76	
1181	Sem12	8	12	Semjase	12	76	
1182	Sem13	8	13	Semjase	13	76	
1183	Sem14	8	14	Semjase	14	76	
1184	Sem15	8	15	Semjase	15	76	
1185	Sem16	8	16	Semjase	16	76	
1186	Sem17	8	17	Semjase	17	76	
1187	Sem18	8	18	Semjase	18	76	
1188	Sem19	8	19	Semjase	19	77	
1189	Sem20	8	20	Semjase	20	77	
1190	Sem21	8	21	Semjase	21	77	
1191	Sem22	8	22	Semjase	22	77	
1192	Sem23	8	23	Semjase	23	77	
1193	Sem24	8	24	Semjase	24	77	
1194	Sem25	8	25	Semjase	25	77	
1195	Sem26	8	26	Semjase	26	77	
1196	Sem27	8	27	Semjase	27	77	
1197	Sem28	8	28	Semjase	28	77	
1198	Sem29	8	29	Semjase	29	77	
1199	Sem30	8	30	Semjase	30	77	
1200	Sem31	8	31	Semjase	31	77	
1201	Sem32	8	32	Semjase	32	77	
1202	Sem33	8	33	Semjase	33	77	
1203	Sem34	8	34	Semjase	34	77	
1204	Sem35	8	35	Semjase	35	77	
1205	Sem36	8	36	Semjase	36	77	
1206	Sem37	8	37	Semjase	37	77	
1207	Sem38	8	38	Semjase	38	77	
1208	Sem39	8	39	Semjase	39	78	
1209	Sem40	8	40	Semjase	40	78	
1210	Sem41	8	41	Semjase	41	78	
1211	Sem42	8	42	Semjase	42	78	
1212	Sem43	8	43	Semjase	43	78	
1213	Sem44	8	44	Semjase	44	78	
1214	Sem45	8	45	Semjase	45	78	
1215	Sem46	8	46	Semjase	46	78	
1216	Sem47	8	47	Semjase	47	78	
1217	Sem48	8	48	Semjase	48	78	
1218	Sem49	8	49	Semjase	49	78	
1219	Sem50	8	50	Semjase	50	78	
1220	Sem51	8	51	Semjase	51	78	
1221	Sem52	8	52	Semjase	52	78	
1222	Sem53	8	53	Semjase	53	78	
1223	Sem54	8	54	Semjase	54	78	
1224	Sem55	8	55	Semjase	55	78	
1225	Sem56	8	56	Semjase	56	78	
1226	Sem57	8	57	Semjase	57	79	
1227	Sem58	8	58	Semjase	58	79	
1228	Sem59	8	59	Semjase	59	79	
1229	Sem60	8	60	Semjase	60	79	
1230	Sem61	8	61	Semjase	61	79	
1231	Sem62	8	62	Semjase	62	79	
1232	Sem63	8	63	Semjase	63	79	
1233	Sem64	8	64	Semjase	64	79	
1234	Sem65	8	65	Semjase	65	79	
1235	Sem66	8	66	Semjase	66	79	
1236	Sem67	8	67	Semjase	67	79	
1237	Sem68	8	68	Semjase	68	79	
1238	Sem69	8	69	Semjase	69	79	
1239	Sem70	8	70	Semjase	70	79	
1240	Sem71	8	71	Semjase	71	79	
1241	Sem72	8	72	Semjase	72	79	
1242	Sem73	8	73	Semjase	73	79	
1243	Sem74	8	74	Semjase	74	79	
1244	Sem75	8	75	Semjase	75	79	
1245	Sem76	8	76	Semjase	76	79	
1246	Sem77	8	77	Semjase	77	80	
1247	Sem78	8	78	Semjase	78	80	
1248	Sem79	8	79	Semjase	79	80	
1249	Sem80	8	80	Semjase	80	80	
1250	Sem81	8	81	Semjase	81	80	
1251	Sem82	8	82	Semjase	82	80	
1252	Sem83	8	83	Semjase	83	80	
1253	Sem84	8	84	Semjase	84	80	
1254	Sem85	8	85	Semjase	85	80	
1255	Sem86	8	86	Semjase	86	80	
1256	Sem87	8	87	Semjase	87	80	
1257	Sem88	8	88	Semjase	88	80	
1258	Sem89	8	89	Semjase	89	80	
1259	Sem90	8	90	Semjase	90	80	
1260	Sem91	8	91	Semjase	91	80	
1261	Sem92	8	92	Semjase	92	80	
1262	Sem93	8	93	Semjase	93	80	
1263	Sem94	8	94	Semjase	94	81	
1264	Sem95	8	95	Semjase	95	81	
1265	Sem96	8	96	Semjase	96	81	
1266	Sem97	8	97	Semjase	97	81	
1267	Sem98	8	98	Semjase	98	81	
1268	Sem99	8	99	Semjase	99	81	
1269	Sem100	8	100	Semjase	100	81	
1270	Sem101	8	101	Semjase	101	81	
1271	Sem102	8	102	Semjase	102	81	
1272	Sem103	8	103	Semjase	103	81	
1273	Sem104	8	104	Semjase	104	81	
1274	Sem105	8	105	Semjase	105	81	
1275	Sem106	8	106	Semjase	106	81	
1276	Sem107	8	107	Semjase	107	81	
1277	Sem108	8	108	Semjase	108	81	
1278	Sem109	8	109	Semjase	109	81	
1279	Sem110	8	110	Semjase	110	81	
1280	Sem111	8	111	Semjase	111	81	
1281	Sem112	8	112	Semjase	112	81	
1282	Sem113	8	113	Semjase	113	81	
1283	Sem114	8	114	Semjase	114	81	
1284	Sem115	8	115	Semjase	115	81	
1285	Sem116	8	116	Semjase	116	81	
1286	Sem117	8	117	Semjase	117	81	
1287	Sem118	8	118	Semjase	118	81	
1288	Sem119	8	119	Semjase	119	81	
1289	Sem120	8	120	Semjase	120	81	
1290	Sem121	8	121	Semjase	121	81	
1291	Sem122	8	122	Semjase	122	81	
1292	Sem123	8	123	Semjase	123	81	
1293	Sem124	8	124	Semjase	124	81	
1294	Sem125	8	125	Semjase	125	82	
1295	Sem126	8	126	Semjase	126	82	
1296	Sem127	8	127	Semjase	127	82	
1297	Sem128	8	128	Semjase	128	82	
1298	Sem129	8	129	Semjase	129	82	
1299	Sem130	8	130	Semjase	130	82	
1300	Sem131	8	131	Semjase	131	82	
1301	Sem132	8	132	Semjase	132	82	
1302	Sem133	8	133	Semjase	133	82	
1303	Sem134	8	134	Semjase	134	82	
1304	Sem135	8	135	Semjase	135	82	
1305	Sem136	8	136	Semjase	136	82	
1306	Sem137	8	137	Semjase	137	82	
1307	Sem138	8	138	Semjase	138	82	
1308	Sem139	8	139	Semjase	139	82	
1309	Sem140	8	140	Semjase	140	82	
1310	Sem141	8	141	Semjase	141	82	
1311	Sem142	8	142	Semjase	142	82	
1312	Sem143	8	143	Semjase	143	82	
1313	Sem144	8	144	Semjase	144	82	
1314	Sem145	8	145	Semjase	145	82	
1315	Sem146	8	146	Semjase	146	82	
1316	Sem147	8	147	Semjase	147	82	
1317	Sem148	8	148	Semjase	148	82	
1318	Sem149	8	149	Semjase	149	82	
1319	Sem150	8	150	Semjase	150	82	
1320	Sem151	8	151	Semjase	151	82	
1321	Sem152	8	152	Semjase	152	82	
1322	Sem153	8	153	Semjase	153	82	
1323	Sem154	8	154	Semjase	154	82	
1324	Sem155	8	155	Semjase	155	82	
1325	Sem156	8	156	Semjase	156	83	
1326	Sem157	8	157	Semjase	157	83	
1327	Sem158	8	158	Semjase	158	83	
1328	Sem159	8	159	Semjase	159	83	
1329	Sem160	8	160	Semjase	160	83	
1330	Sem161	8	161	Semjase	161	83	
1331	Sem162	8	162	Semjase	162	83	
1332	Sem163	8	163	Semjase	163	83	
1333	Sem164	8	164	Semjase	164	83	
1334	Sem165	8	165	Semjase	165	83	
1335	Sem166	8	166	Semjase	166	83	
1336	Sem167	8	167	Semjase	167	83	
1337	Sem168	8	168	Semjase	168	83	
1338	Sem169	8	169	Semjase	169	83	
1339	Sem170	8	170	Semjase	170	83	
1340	Sem171	8	171	Semjase	171	83	
1341	Sem172	8	172	Semjase	172	83	
1342	Sem173	8	173	Semjase	173	84	
1343	Sem174	8	174	Semjase	174	84	
1344	Sem175	8	175	Semjase	175	84	
1345	Sem176	8	176	Semjase	176	84	
1346	Sem177	8	177	Semjase	177	84	
1347	Sem178	8	178	Semjase	178	84	
1348	Sem179	8	179	Semjase	179	84	
1349	Sem180	8	180	Semjase	180	84	
1350	Sem181	8	181	Semjase	181	84	
1351	Sem182	8	182	Semjase	182	84	
1352	Sem183	8	183	Semjase	183	84	
1353	Sem184	8	184	Semjase	184	84	
1354	Sem185	8	185	Semjase	185	84	
1355	Sem186	8	186	Semjase	186	84	
1356	Sem187	8	187	Semjase	187	84	
1357	Sem188	8	188	Semjase	188	85	
1358	Sem189	8	189	Semjase	189	85	
1359	Sem190	8	190	Semjase	190	85	
1360	Sem191	8	191	Semjase	191	85	
1361	Sem192	8	192	Semjase	192	85	
1362	Sem193	8	193	Semjase	193	85	
1363	Sem194	8	194	Semjase	194	85	
1364	Sem195	8	195	Semjase	195	85	
1365	Sem196	8	196	Semjase	196	85	
1366	Sem197	8	197	Semjase	197	85	
1367	Sem198	8	198	Semjase	198	85	
1368	Sem199	8	199	Semjase	199	85	
1369	Sem200	8	200	Semjase	200	85	
1370	Sem201	8	201	Semjase	201	86	
1371	Sem202	8	202	Semjase	202	86	
1372	Sem203	8	203	Semjase	203	86	
1373	Sem204	8	204	Semjase	204	86	
1374	Sem205	8	205	Semjase	205	86	
1375	Sem206	8	206	Semjase	206	86	
1376	Sem207	8	207	Semjase	207	86	
1377	Sem208	8	208	Semjase	208	86	
1378	Sem209	8	209	Semjase	209	86	
1379	Sem210	8	210	Semjase	210	86	
1380	Sem211	8	211	Semjase	211	86	
1381	Sem212	8	212	Semjase	212	86	
1382	Sem213	8	213	Semjase	213	86	
1383	Sem214	8	214	Semjase	214	86	
1384	Sem215	8	215	Semjase	215	86	
1385	Sem216	8	216	Semjase	216	86	
1386	Sem217	8	217	Semjase	217	86	
1387	Sem218	8	218	Semjase	218	86	
1388	Sem219	8	219	Semjase	219	86	
1389	Sem220	8	220	Semjase	220	87	
1390	Sem221	8	221	Semjase	221	87	
1391	Sem222	8	222	Semjase	222	87	
1392	Sem223	8	223	Semjase	223	87	
1393	Sem224	8	224	Semjase	224	87	
1394	Sem225	8	225	Semjase	225	87	
1395	Sem226	8	226	Semjase	226	87	
1396	Sem227	8	227	Semjase	227	87	
1397	Sem228	8	228	Semjase	228	87	
1398	Sem229	8	229	Semjase	229	87	
1399	Sem230	8	230	Semjase	230	87	
1400	Sem231	8	231	Semjase	231	87	
1401	Sem232	8	232	Semjase	232	87	
1402	Sem233	8	233	Semjase	233	87	
1403	Sem234	8	234	Semjase	234	87	
1404	Sem235	8	235	Semjase	235	87	
1405	Sem236	8	236	Semjase	236	87	
1406	Sem237	8	237	Semjase	237	87	
1407	Sem238	8	238	Semjase	238	87	
1408	Sem239	8	239	Semjase	239	87	
1409	Sem240	8	240	Semjase	240	87	
1410	Sem241	8	241	Semjase	241	87	
1411	Sem242	8	242	Semjase	242	87	
1412	Sem243	8	243	Semjase	243	87	
1413	Sem244	8	244	Semjase	244	87	
1414	Sem245	8	245	Semjase	245	87	
1415	Sem246	8	246	Semjase	246	88	
1416	Sem247	8	247	Semjase	247	88	
1417	Sem248	8	248	Semjase	248	88	
1418	Sem249	8	249	Semjase	249	88	
1419	Sem1	9	1	Semjase	1	89	
1420	Sem2	9	2	Semjase	2	89	
1421	Sem3	9	3	Semjase	3	89	
1422	Sem4	9	4	Semjase	4	89	
1423	Sem5	9	5	Semjase	5	89	
1424	Sem6	9	6	Semjase	6	89	
1425	Sem7	9	7	Semjase	7	89	
1426	Sem8	9	8	Semjase	8	90	
1427	Sem9	9	9	Semjase	9	90	
1428	Sem10	9	10	Semjase	10	90	
1429	Sem11	9	11	Semjase	11	90	
1430	Sem12	9	12	Semjase	12	90	
1431	Sem13	9	13	Semjase	13	90	
1432	Sem14	9	14	Semjase	14	90	
1433	Sem15	9	15	Semjase	15	90	
1434	Sem16	9	16	Semjase	16	90	
1435	Sem17	9	17	Semjase	17	90	
1436	Sem18	9	18	Semjase	18	90	
1437	Sem19	9	19	Semjase	19	90	
1438	Sem20	9	20	Semjase	20	90	
1439	Sem21	9	21	Semjase	21	90	
1440	Sem22	9	22	Semjase	22	90	
1441	Sem23	9	23	Semjase	23	90	
1442	Sem24	9	24	Semjase	24	90	
1443	Sem25	9	25	Semjase	25	90	
1444	Sem26	9	26	Semjase	26	90	
1445	Sem27	9	27	Semjase	27	90	
1446	Sem28	9	28	Semjase	28	90	
1447	Sem29	9	29	Semjase	29	90	
1448	Sem30	9	30	Semjase	30	90	
1449	Sem31	9	31	Semjase	31	90	
1450	Sem32	9	32	Semjase	32	90	
1451	Sem33	9	33	Semjase	33	90	
1452	Sem34	9	34	Semjase	34	91	
1453	Sem35	9	35	Semjase	35	91	
1454	Sem36	9	36	Semjase	36	91	
1455	Sem37	9	37	Semjase	37	91	
1456	Sem38	9	38	Semjase	38	91	
1457	Sem39	9	39	Semjase	39	91	
1458	Sem40	9	40	Semjase	40	91	
1459	Sem41	9	41	Semjase	41	91	
1460	Sem42	9	42	Semjase	42	91	
1461	Sem43	9	43	Semjase	43	91	
1462	Sem44	9	44	Semjase	44	91	
1463	Sem45	9	45	Semjase	45	91	
1464	Sem46	9	46	Semjase	46	91	
1465	Sem47	9	47	Semjase	47	91	
1466	Sem48	9	48	Semjase	48	91	
1467	Sem49	9	49	Semjase	49	91	
1468	Sem50	9	50	Semjase	50	91	
1469	Sem51	9	51	Semjase	51	91	
1470	Sem52	9	52	Semjase	52	91	
1471	Sem53	9	53	Semjase	53	91	
1472	Sem54	9	54	Semjase	54	91	
1473	Sem55	9	55	Semjase	55	91	
1474	Sem56	9	56	Semjase	56	91	
1475	Sem57	9	57	Semjase	57	91	
1476	Sem58	9	58	Semjase	58	92	
1477	Sem59	9	59	Semjase	59	92	
1478	Sem60	9	60	Semjase	60	92	
1479	Sem61	9	61	Semjase	61	92	
1480	Sem62	9	62	Semjase	62	92	
1481	Sem63	9	63	Semjase	63	92	
1482	Sem64	9	64	Semjase	64	92	
1483	Sem65	9	65	Semjase	65	92	
1484	Sem66	9	66	Semjase	66	92	
1485	Sem67	9	67	Semjase	67	92	
1486	Sem68	9	68	Semjase	68	92	
1487	Sem69	9	69	Semjase	69	92	
1488	Sem70	9	70	Semjase	70	92	
1489	Sem71	9	71	Semjase	71	92	
1490	Sem72	9	72	Semjase	72	92	
1491	Sem73	9	73	Semjase	73	92	
1492	Sem74	9	74	Semjase	74	92	
1493	Sem75	9	75	Semjase	75	93	
1494	Sem76	9	76	Semjase	76	93	
1495	Sem77	9	77	Semjase	77	93	
1496	Sem78	9	78	Semjase	78	93	
1497	Sem79	9	79	Semjase	79	93	
1498	Sem80	9	80	Semjase	80	93	
1499	Sem81	9	81	Semjase	81	93	
1500	Sem82	9	82	Semjase	82	93	
1501	Sem83	9	83	Semjase	83	93	
1502	Sem84	9	84	Semjase	84	93	
1503	Sem85	9	85	Semjase	85	93	
1504	Sem86	9	86	Semjase	86	93	
1505	Sem87	9	87	Semjase	87	93	
1506	Sem88	9	88	Semjase	88	93	
1507	Sem89	9	89	Semjase	89	93	
1508	Sem90	9	90	Semjase	90	93	
1509	Sem91	9	91	Semjase	91	93	
1510	Sem92	9	92	Semjase	92	93	
1511	Sem93	9	93	Semjase	93	93	
1512	Sem94	9	94	Semjase	94	93	
1513	Sem95	9	95	Semjase	95	93	
1514	Sem96	9	96	Semjase	96	93	
1515	Sem97	9	97	Semjase	97	93	
1516	Sem98	9	98	Semjase	98	93	
1517	Sem99	9	99	Semjase	99	93	
1518	Sem100	9	100	Semjase	100	93	
1519	Sem101	9	101	Semjase	101	93	
1520	Sem102	9	102	Semjase	102	94	
1521	Sem103	9	103	Semjase	103	94	
1522	Sem104	9	104	Semjase	104	94	
1523	Sem105	9	105	Semjase	105	94	
1524	Sem106	9	106	Semjase	106	94	
1525	Sem107	9	107	Semjase	107	94	
1526	Sem108	9	108	Semjase	108	94	
1527	Sem109	9	109	Semjase	109	94	
1528	Sem110	9	110	Semjase	110	94	
1529	Sem111	9	111	Semjase	111	94	
1530	Sem112	9	112	Semjase	112	94	
1531	Sem113	9	113	Semjase	113	94	
1532	Sem114	9	114	Semjase	114	94	
1533	Sem115	9	115	Semjase	115	94	
1534	Sem116	9	116	Semjase	116	94	
1535	Sem117	9	117	Semjase	117	94	
1536	Sem118	9	118	Semjase	118	94	
1537	Sem119	9	119	Semjase	119	94	
1538	Sem120	9	120	Semjase	120	94	
1539	Sem121	9	121	Semjase	121	94	
1540	Sem122	9	122	Semjase	122	94	
1541	Sem123	9	123	Semjase	123	94	
1542	Sem124	9	124	Semjase	124	94	
1543	Sem125	9	125	Semjase	125	94	
1544	Sem126	9	126	Semjase	126	94	
1545	Sem127	9	127	Semjase	127	94	
1546	Sem128	9	128	Semjase	128	94	
1547	Sem129	9	129	Semjase	129	94	
1548	Sem130	9	130	Semjase	130	95	
1549	Sem131	9	131	Semjase	131	95	
1550	Sem132	9	132	Semjase	132	95	
1551	Sem133	9	133	Semjase	133	95	
1552	Sem134	9	134	Semjase	134	95	
1553	Sem135	9	135	Semjase	135	95	
1554	Sem136	9	136	Semjase	136	95	
1555	Sem137	9	137	Semjase	137	95	
1556	Sem138	9	138	Semjase	138	95	
1557	Sem139	9	139	Semjase	139	95	
1558	Sem140	9	140	Semjase	140	95	
1559	Sem141	9	141	Semjase	141	95	
1560	Sem142	9	142	Semjase	142	95	
1561	Sem143	9	143	Semjase	143	95	
1562	Sem144	9	144	Semjase	144	95	
1563	Sem145	9	145	Semjase	145	95	
1564	Sem146	9	146	Semjase	146	95	
1565	Sem147	9	147	Semjase	147	95	
1566	Sem148	9	148	Semjase	148	95	
1567	Sem149	9	149	Semjase	149	95	
1568	Sem150	9	150	Semjase	150	95	
1569	Sem151	9	151	Semjase	151	95	
1570	Sem152	9	152	Semjase	152	95	
1571	Sem153	9	153	Semjase	153	95	
1572	Sem154	9	154	Semjase	154	95	
1573	Sem155	9	155	Semjase	155	95	
1574	Sem156	9	156	Semjase	156	95	
1575	Sem157	9	157	Semjase	157	95	
1576	Sem158	9	158	Semjase	158	95	
1577	Sem159	9	159	Semjase	159	95	
1578	Sem160	9	160	Semjase	160	95	
1579	Sem161	9	161	Semjase	161	96	
1580	Sem162	9	162	Semjase	162	96	
1581	Sem163	9	163	Semjase	163	96	
1582	Sem164	9	164	Semjase	164	96	
1583	Sem165	9	165	Semjase	165	96	
1584	Sem166	9	166	Semjase	166	96	
1585	Sem167	9	167	Semjase	167	96	
1586	Sem168	9	168	Semjase	168	96	
1587	Sem169	9	169	Semjase	169	96	
1588	Sem170	9	170	Semjase	170	96	
1589	Sem171	9	171	Semjase	171	96	
1590	Sem172	9	172	Semjase	172	96	
1591	Sem173	9	173	Semjase	173	96	
1592	Sem174	9	174	Semjase	174	96	
1593	Sem175	9	175	Semjase	175	96	
1594	Sem176	9	176	Semjase	176	96	
1595	Sem177	9	177	Semjase	177	96	
1596	Sem178	9	178	Semjase	178	96	
1597	Sem179	9	179	Semjase	179	96	
1598	Sem180	9	180	Semjase	180	96	
1599	Sem181	9	181	Semjase	181	96	
1600	Sem182	9	182	Semjase	182	96	
1601	Sem183	9	183	Semjase	183	96	
1602	Sem184	9	184	Semjase	184	96	
1603	Sem185	9	185	Semjase	185	96	
1604	Sem186	9	186	Semjase	186	96	
1605	Sem187	9	187	Semjase	187	96	
1606	Sem188	9	188	Semjase	188	96	
1607	Sem189	9	189	Semjase	189	96	
1608	Sem190	9	190	Semjase	190	97	
1609	Sem191	9	191	Semjase	191	97	
1610	Sem192	9	192	Semjase	192	97	
1611	Sem193	9	193	Semjase	193	97	
1612	Sem194	9	194	Semjase	194	97	
1613	Sem195	9	195	Semjase	195	97	
1614	Sem196	9	196	Semjase	196	97	
1615	Sem197	9	197	Semjase	197	97	
1616	Sem198	9	198	Semjase	198	97	
1617	Sem199	9	199	Semjase	199	97	
1618	Sem200	9	200	Semjase	200	97	
1619	Sem201	9	201	Semjase	201	97	
1620	Sem202	9	202	Semjase	202	97	
1621	Sem203	9	203	Semjase	203	97	
1622	Sem204	9	204	Semjase	204	97	
1623	Sem205	9	205	Semjase	205	97	
1624	Sem206	9	206	Semjase	206	97	
1625	Sem207	9	207	Semjase	207	97	
1626	Sem208	9	208	Semjase	208	97	
1627	Sem209	9	209	Semjase	209	97	
1628	Sem210	9	210	Semjase	210	97	
1629	Sem211	9	211	Semjase	211	97	
1630	Sem212	9	212	Semjase	212	97	
1631	Sem213	9	213	Semjase	213	97	
1632	Sem214	9	214	Semjase	214	97	
1633	Sem215	9	215	Semjase	215	98	
1634	Sem216	9	216	Semjase	216	98	
1635	Sem217	9	217	Semjase	217	98	
1636	Sem218	9	218	Semjase	218	98	
1637	Sem219	9	219	Semjase	219	98	
1638	Sem220	9	220	Semjase	220	98	
1639	Sem221	9	221	Semjase	221	98	
1640	Sem222	9	222	Semjase	222	98	
1641	Sem223	9	223	Semjase	223	98	
1642	Sem224	9	224	Semjase	224	98	
1643	Sem225	9	225	Semjase	225	98	
1644	Sem226	9	226	Semjase	226	98	
1645	Sem227	9	227	Semjase	227	98	
1646	Sem228	9	228	Semjase	228	98	
1647	Sem229	9	229	Semjase	229	98	
1648	Sem230	9	230	Semjase	230	98	
1649	Sem231	9	231	Semjase	231	98	
1650	Sem232	9	232	Semjase	232	98	
1651	Sem233	9	233	Semjase	233	98	
1652	Sem234	9	234	Semjase	234	98	
1653	Sem235	9	235	Semjase	235	98	
1654	Sem236	9	236	Semjase	236	98	
1655	Sem237	9	237	Semjase	237	99	
1656	Sem238	9	238	Semjase	238	99	
1657	Sem239	9	239	Semjase	239	99	
1658	Sem240	9	240	Semjase	240	99	
1659	Sem241	9	241	Semjase	241	99	
1660	Sem242	9	242	Semjase	242	99	
1661	Sem243	9	243	Semjase	243	99	
1662	Sem244	9	244	Semjase	244	99	
1663	Sem245	9	245	Semjase	245	99	
1664	Sem246	9	246	Semjase	246	99	
1665	Sem247	9	247	Semjase	247	99	
1666	Sem248	9	248	Semjase	248	99	
1667	Sem249	9	249	Semjase	249	99	
1668	Sem250	9	250	Semjase	250	99	
1669	Sem251	9	251	Semjase	251	99	
1670	Sem252	9	252	Semjase	252	99	
1671	Sem253	9	253	Semjase	253	99	
1672	Sem254	9	254	Semjase	254	99	
1673	Sem255	9	255	Semjase	255	99	
1674	Sem256	9	256	Semjase	256	99	
1675	Sem257	9	257	Semjase	257	99	
1676	Sem258	9	258	Semjase	258	99	
1677	Sem259	9	259	Semjase	259	100	
1678	Sem260	9	260	Semjase	260	100	
1679	Sem261	9	261	Semjase	261	100	
1680	Sem262	9	262	Semjase	262	100	
1681	Sem263	9	263	Semjase	263	100	
1682	Sem264	9	264	Semjase	264	100	
1683	Sem265	9	265	Semjase	265	100	
1684	Sem266	9	266	Semjase	266	100	
1685	Sem267	9	267	Semjase	267	100	
1686	Sem268	9	268	Semjase	268	100	
1687	Sem269	9	269	Semjase	269	100	
1688	Sem270	9	270	Semjase	270	100	
1689	Sem271	9	271	Semjase	271	100	
1690	Sem272	9	272	Semjase	272	100	
1691	Sem273	9	273	Semjase	273	100	
1692	Sem274	9	274	Semjase	274	100	
1693	Sem1	10	1	Semjase	1	100	
1694	Sem2	10	2	Semjase	2	100	
1695	Sem3	10	3	Semjase	3	100	
1696	Sem4	10	4	Semjase	4	100	
1697	Sem5	10	5	Semjase	5	100	
1698	Sem6	10	6	Semjase	6	101	
1699	Sem7	10	7	Semjase	7	101	
1700	Sem8	10	8	Semjase	8	101	
1701	Sem9	10	9	Semjase	9	101	
1702	Sem10	10	10	Semjase	10	101	
1703	Sem11	10	11	Semjase	11	101	
1704	Sem12	10	12	Semjase	12	101	
1705	Sem13	10	13	Semjase	13	101	
1706	Sem14	10	14	Semjase	14	101	
1707	Sem15	10	15	Semjase	15	101	
1708	Sem16	10	16	Semjase	16	101	
1709	Sem17	10	17	Semjase	17	101	
1710	Sem18	10	18	Semjase	18	101	
1711	Sem19	10	19	Semjase	19	101	
1712	Sem20	10	20	Semjase	20	101	
1713	Sem21	10	21	Semjase	21	101	
1714	Sem22	10	22	Semjase	22	101	
1715	Sem23	10	23	Semjase	23	101	
1716	Sem24	10	24	Semjase	24	101	
1717	Sem25	10	25	Semjase	25	101	
1718	Sem26	10	26	Semjase	26	101	
1719	Sem27	10	27	Semjase	27	101	
1720	Sem28	10	28	Semjase	28	101	
1721	Sem29	10	29	Semjase	29	101	
1722	Sem30	10	30	Semjase	30	101	
1723	Sem31	10	31	Semjase	31	101	
1724	Sem32	10	32	Semjase	32	101	
1725	Sem33	10	33	Semjase	33	101	
1726	Sem34	10	34	Semjase	34	101	
1727	Sem35	10	35	Semjase	35	101	
1728	Sem36	10	36	Semjase	36	101	
1729	Sem37	10	37	Semjase	37	101	
1730	Sem38	10	38	Semjase	38	101	
1731	Sem39	10	39	Semjase	39	101	
1732	Sem40	10	40	Semjase	40	101	
1733	Sem41	10	41	Semjase	41	101	
1734	Sem42	10	42	Semjase	42	102	
1735	Sem43	10	43	Semjase	43	102	
1736	Sem44	10	44	Semjase	44	102	
1737	Sem45	10	45	Semjase	45	102	
1738	Sem46	10	46	Semjase	46	102	
1739	Sem47	10	47	Semjase	47	102	
1740	Sem48	10	48	Semjase	48	102	
1741	Sem49	10	49	Semjase	49	102	
1742	Sem50	10	50	Semjase	50	102	
1743	Sem51	10	51	Semjase	51	102	
1744	Sem52	10	52	Semjase	52	102	
1745	Sem53	10	53	Semjase	53	102	
1746	Sem54	10	54	Semjase	54	102	
1747	Sem55	10	55	Semjase	55	102	
1748	Sem56	10	56	Semjase	56	102	
1749	Sem57	10	57	Semjase	57	102	
1750	Sem58	10	58	Semjase	58	102	
1751	Sem59	10	59	Semjase	59	102	
1752	Sem60	10	60	Semjase	60	102	
1753	Sem61	10	61	Semjase	61	102	
1754	Sem62	10	62	Semjase	62	102	
1755	Sem63	10	63	Semjase	63	102	
1756	Sem64	10	64	Semjase	64	102	
1757	Sem65	10	65	Semjase	65	102	
1758	Sem66	10	66	Semjase	66	102	
1759	Sem67	10	67	Semjase	67	102	
1760	Sem68	10	68	Semjase	68	102	
1761	Sem69	10	69	Semjase	69	102	
1762	Sem70	10	70	Semjase	70	102	
1763	Sem71	10	71	Semjase	71	102	
1764	Sem72	10	72	Semjase	72	102	
1765	Sem73	10	73	Semjase	73	102	
1766	Sem74	10	74	Semjase	74	102	
1767	Sem75	10	75	Semjase	75	102	
1768	Sem76	10	76	Semjase	76	103	
1769	Sem77	10	77	Semjase	77	103	
1770	Sem78	10	78	Semjase	78	103	
1771	Sem79	10	79	Semjase	79	103	
1772	Sem80	10	80	Semjase	80	103	
1773	Sem81	10	81	Semjase	81	103	
1774	Sem82	10	82	Semjase	82	103	
1775	Sem83	10	83	Semjase	83	103	
1776	Sem84	10	84	Semjase	84	103	
1777	Sem85	10	85	Semjase	85	103	
1778	Sem86	10	86	Semjase	86	103	
1779	Sem87	10	87	Semjase	87	103	
1780	Sem88	10	88	Semjase	88	103	
1781	Sem89	10	89	Semjase	89	103	
1782	Sem90	10	90	Semjase	90	103	
1783	Sem91	10	91	Semjase	91	103	
1784	Sem92	10	92	Semjase	92	103	
1785	Sem93	10	93	Semjase	93	103	
1786	Sem94	10	94	Semjase	94	103	
1787	Sem95	10	95	Semjase	95	103	
1788	Sem96	10	96	Semjase	96	103	
1789	Sem97	10	97	Semjase	97	103	
1790	Sem98	10	98	Semjase	98	103	
1791	Sem99	10	99	Semjase	99	103	
1792	Sem100	10	100	Semjase	100	103	
1793	Sem101	10	101	Semjase	101	104	
1794	Sem102	10	102	Semjase	102	104	
1795	Sem103	10	103	Semjase	103	104	
1796	Sem104	10	104	Semjase	104	104	
1797	Sem105	10	105	Semjase	105	104	
1798	Sem106	10	106	Semjase	106	104	
1799	Sem107	10	107	Semjase	107	104	
1800	Sem108	10	108	Semjase	108	104	
1801	Sem109	10	109	Semjase	109	104	
1802	Sem110	10	110	Semjase	110	104	
1803	Sem111	10	111	Semjase	111	104	
1804	Sem112	10	112	Semjase	112	104	
1805	Sem113	10	113	Semjase	113	104	
1806	Sem114	10	114	Semjase	114	104	
1807	Sem115	10	115	Semjase	115	104	
1808	Sem116	10	116	Semjase	116	104	
1809	Sem117	10	117	Semjase	117	104	
1810	Sem118	10	118	Semjase	118	104	
1811	Sem119	10	119	Semjase	119	104	
1812	Sem120	10	120	Semjase	120	104	
1813	Sem121	10	121	Semjase	121	104	
1814	Sem122	10	122	Semjase	122	104	
1815	Sem123	10	123	Semjase	123	104	
1816	Sem124	10	124	Semjase	124	104	
1817	Sem125	10	125	Semjase	125	104	
1818	Sem126	10	126	Semjase	126	104	
1819	Sem127	10	127	Semjase	127	104	
1820	Sem128	10	128	Semjase	128	104	
1821	Sem129	10	129	Semjase	129	104	
1822	Sem130	10	130	Semjase	130	104	
1823	Sem131	10	131	Semjase	131	104	
1824	Sem132	10	132	Semjase	132	105	
1825	Sem133	10	133	Semjase	133	105	
1826	Sem134	10	134	Semjase	134	105	
1827	Sem135	10	135	Semjase	135	105	
1828	Sem136	10	136	Semjase	136	105	
1829	Sem137	10	137	Semjase	137	105	
1830	Sem138	10	138	Semjase	138	105	
1831	Sem139	10	139	Semjase	139	105	
1832	Sem140	10	140	Semjase	140	105	
1833	Sem141	10	141	Semjase	141	105	
1834	Sem142	10	142	Semjase	142	105	
1835	Sem143	10	143	Semjase	143	105	
1836	Sem144	10	144	Semjase	144	105	
1837	Sem145	10	145	Semjase	145	105	
1838	Sem146	10	146	Semjase	146	105	
1839	Sem147	10	147	Semjase	147	105	
1840	Sem148	10	148	Semjase	148	105	
1841	Sem149	10	149	Semjase	149	105	
1842	Sem150	10	150	Semjase	150	105	
1843	Sem151	10	151	Semjase	151	105	
1844	Sem152	10	152	Semjase	152	105	
1845	Sem153	10	153	Semjase	153	105	
1846	Sem154	10	154	Semjase	154	105	
1847	Sem155	10	155	Semjase	155	105	
1848	Sem156	10	156	Semjase	156	105	
1849	Sem157	10	157	Semjase	157	105	
1850	Sem158	10	158	Semjase	158	105	
1851	Sem159	10	159	Semjase	159	106	
1852	Sem160	10	160	Semjase	160	106	
1853	Sem161	10	161	Semjase	161	106	
1854	Sem162	10	162	Semjase	162	106	
1855	Sem163	10	163	Semjase	163	106	
1856	Sem164	10	164	Semjase	164	106	
1857	Sem165	10	165	Semjase	165	106	
1858	Sem166	10	166	Semjase	166	106	
1859	Sem167	10	167	Semjase	167	106	
1860	Sem168	10	168	Semjase	168	106	
1861	Sem169	10	169	Semjase	169	106	
1862	Sem170	10	170	Semjase	170	106	
1863	Sem171	10	171	Semjase	171	106	
1864	Sem172	10	172	Semjase	172	106	
1865	Sem173	10	173	Semjase	173	106	
1866	Sem174	10	174	Semjase	174	106	
1867	Sem175	10	175	Semjase	175	106	
1868	Sem176	10	176	Semjase	176	106	
1869	Sem177	10	177	Semjase	177	106	
1870	Sem178	10	178	Semjase	178	106	
1871	Sem179	10	179	Semjase	179	106	
1872	Sem180	10	180	Semjase	180	106	
1873	Sem181	10	181	Semjase	181	106	
1874	Sem182	10	182	Semjase	182	106	
1875	Sem183	10	183	Semjase	183	106	
1876	Sem184	10	184	Semjase	184	106	
1877	Sem185	10	185	Semjase	185	106	
1878	Sem186	10	186	Semjase	186	106	
1879	Sem187	10	187	Semjase	187	106	
1880	Sem188	10	188	Semjase	188	106	
1881	Sem189	10	189	Semjase	189	106	
1882	Sem190	10	190	Semjase	190	107	
1883	Sem191	10	191	Semjase	191	107	
1884	Sem192	10	192	Semjase	192	107	
1885	Sem193	10	193	Semjase	193	107	
1886	Sem194	10	194	Semjase	194	107	
1887	Sem195	10	195	Semjase	195	107	
1888	Sem196	10	196	Semjase	196	107	
1889	Sem197	10	197	Semjase	197	107	
1890	Sem198	10	198	Semjase	198	107	
1891	Sem199	10	199	Semjase	199	107	
1892	Sem200	10	200	Semjase	200	107	
1893	Sem201	10	201	Semjase	201	107	
1894	Sem202	10	202	Semjase	202	107	
1895	Sem203	10	203	Semjase	203	107	
1896	Sem204	10	204	Semjase	204	107	
1897	Sem205	10	205	Semjase	205	107	
1898	Sem206	10	206	Semjase	206	107	
1899	Sem207	10	207	Semjase	207	107	
1900	Sem208	10	208	Semjase	208	107	
1901	Sem209	10	209	Semjase	209	107	
1902	Sem210	10	210	Semjase	210	107	
1903	Sem211	10	211	Semjase	211	107	
1904	Sem212	10	212	Semjase	212	107	
1905	Sem213	10	213	Semjase	213	107	
1906	Sem214	10	214	Semjase	214	107	
1907	Sem215	10	215	Semjase	215	107	
1908	Sem216	10	216	Semjase	216	107	
1909	Sem217	10	217	Semjase	217	107	
1910	Sem218	10	218	Semjase	218	107	
1911	Sem219	10	219	Semjase	219	107	
1912	Sem220	10	220	Semjase	220	108	
1913	Sem221	10	221	Semjase	221	108	
1914	Sem222	10	222	Semjase	222	108	
1915	Sem223	10	223	Semjase	223	108	
1916	Sem224	10	224	Semjase	224	108	
1917	Sem225	10	225	Semjase	225	108	
1918	Sem226	10	226	Semjase	226	108	
1919	Sem227	10	227	Semjase	227	108	
1920	Sem228	10	228	Semjase	228	108	
1921	Sem229	10	229	Semjase	229	108	
1922	Sem230	10	230	Semjase	230	108	
1923	Sem231	10	231	Semjase	231	108	
1924	Sem232	10	232	Semjase	232	108	
1925	Sem233	10	233	Semjase	233	108	
1926	Sem234	10	234	Semjase	234	108	
1927	Sem235	10	235	Semjase	235	108	
1928	Sem236	10	236	Semjase	236	108	
1929	Sem237	10	237	Semjase	237	108	
1930	Sem238	10	238	Semjase	238	108	
1931	Sem239	10	239	Semjase	239	108	
1932	Sem240	10	240	Semjase	240	108	
1933	Sem241	10	241	Semjase	241	108	
1934	Sem242	10	242	Semjase	242	108	
1935	Sem243	10	243	Semjase	243	108	
1936	Sem244	10	244	Semjase	244	108	
1937	Sem245	10	245	Semjase	245	108	
1938	Sem246	10	246	Semjase	246	108	
1939	Sem247	10	247	Semjase	247	108	
1940	Sem248	10	248	Semjase	248	108	
1941	Sem249	10	249	Semjase	249	108	
1942	Sem250	10	250	Semjase	250	108	
1943	Sem251	10	251	Semjase	251	108	
1944	Sem252	10	252	Semjase	252	109	
1945	Sem253	10	253	Semjase	253	109	
1946	Sem254	10	254	Semjase	254	109	
1947	Sem255	10	255	Semjase	255	109	
1948	Sem256	10	256	Semjase	256	109	
1949	Sem257	10	257	Semjase	257	109	
1950	Sem258	10	258	Semjase	258	109	
1951	Sem259	10	259	Semjase	259	109	
1952	Sem260	10	260	Semjase	260	109	
1953	Sem261	10	261	Semjase	261	109	
1954	Sem262	10	262	Semjase	262	109	
1955	Sem263	10	263	Semjase	263	109	
1956	Sem264	10	264	Semjase	264	109	
1957	Sem265	10	265	Semjase	265	109	
1958	Sem266	10	266	Semjase	266	109	
1959	Sem267	10	267	Semjase	267	109	
1960	Sem268	10	268	Semjase	268	109	
1961	Sem269	10	269	Semjase	269	109	
1962	Sem270	10	270	Semjase	270	109	
1963	Sem271	10	271	Semjase	271	109	
1964	Sem272	10	272	Semjase	272	109	
1965	Sem273	10	273	Semjase	273	109	
1966	Sem274	10	274	Semjase	274	109	
1967	Sem275	10	275	Semjase	275	109	
1968	Sem276	10	276	Semjase	276	109	
1969	Sem277	10	277	Semjase	277	110	
1970	Sem278	10	278	Semjase	278	110	
1971	Sem279	10	279	Semjase	279	110	
1972	Sem280	10	280	Semjase	280	110	
1973	Sem281	10	281	Semjase	281	110	
1974	Sem282	10	282	Semjase	282	110	
1975	Sem283	10	283	Semjase	283	110	
1976	Sem284	10	284	Semjase	284	110	
1977	Sem285	10	285	Semjase	285	110	
1978	Sem286	10	286	Semjase	286	110	
1979	Sem287	10	287	Semjase	287	110	
1980	Sem288	10	288	Semjase	288	110	
1981	Sem289	10	289	Semjase	289	110	
1982	Sem290	10	290	Semjase	290	110	
1983	Sem291	10	291	Semjase	291	110	
1984	Sem292	10	292	Semjase	292	110	
1985	Sem293	10	293	Semjase	293	110	
1986	Sem294	10	294	Semjase	294	110	
1987	Sem295	10	295	Semjase	295	111	
1988	Sem296	10	296	Semjase	296	111	
1989	Sem297	10	297	Semjase	297	111	
1990	Sem298	10	298	Semjase	298	111	
1991	Sem299	10	299	Semjase	299	111	
1992	Sem300	10	300	Semjase	300	111	
1993	Sem301	10	301	Semjase	301	111	
1994	Sem302	10	302	Semjase	302	111	
1995	Sem303	10	303	Semjase	303	111	
1996	Sem304	10	304	Semjase	304	111	
1997	Sem305	10	305	Semjase	305	111	
1998	Sem306	10	306	Semjase	306	111	
1999	Sem1	11	1	Semjase	1	111	
2000	Sem2	11	2	Semjase	2	111	
2001	Sem3	11	3	Semjase	3	111	
2002	Sem4	11	4	Semjase	4	112	
2003	Sem5	11	5	Semjase	5	112	
2004	Sem6	11	6	Semjase	6	112	
2005	Sem7	11	7	Semjase	7	112	
2006	Sem8	11	8	Semjase	8	112	
2007	Sem9	11	9	Semjase	9	112	
2008	Sem10	11	10	Semjase	10	112	
2009	Sem11	11	11	Semjase	11	112	
2010	Sem12	11	12	Semjase	12	112	
2011	Sem13	11	13	Semjase	13	112	
2012	Sem14	11	14	Semjase	14	112	
2013	Sem15	11	15	Semjase	15	112	
2014	Sem16	11	16	Semjase	16	112	
2015	Sem17	11	17	Semjase	17	112	
2016	Sem18	11	18	Semjase	18	112	
2017	Sem19	11	19	Semjase	19	112	
2018	Sem20	11	20	Semjase	20	112	
2019	Sem21	11	21	Semjase	21	112	
2020	Sem22	11	22	Semjase	22	112	
2021	Sem23	11	23	Semjase	23	112	
2022	Sem24	11	24	Semjase	24	112	
2023	Sem25	11	25	Semjase	25	112	
2024	Sem26	11	26	Semjase	26	112	
2025	Sem27	11	27	Semjase	27	112	
2026	Sem28	11	28	Semjase	28	112	
2027	Sem29	11	29	Semjase	29	113	
2028	Sem30	11	30	Semjase	30	113	
2029	Sem31	11	31	Semjase	31	113	
2030	Sem32	11	32	Semjase	32	113	
2031	Sem33	11	33	Semjase	33	113	
2032	Sem34	11	34	Semjase	34	113	
2033	Sem35	11	35	Semjase	35	113	
2034	Sem36	11	36	Semjase	36	113	
2035	Sem37	11	37	Semjase	37	113	
2036	Sem38	11	38	Semjase	38	113	
2037	Sem39	11	39	Semjase	39	113	
2038	Sem40	11	40	Semjase	40	113	
2039	Sem41	11	41	Semjase	41	113	
2040	Sem42	11	42	Semjase	42	113	
2041	Sem43	11	43	Semjase	43	113	
2042	Sem44	11	44	Semjase	44	113	
2043	Sem45	11	45	Semjase	45	113	
2044	Sem46	11	46	Semjase	46	114	
2045	Sem47	11	47	Semjase	47	114	
2046	Sem48	11	48	Semjase	48	114	
2047	Sem49	11	49	Semjase	49	114	
2048	Sem50	11	50	Semjase	50	114	
2049	Sem51	11	51	Semjase	51	114	
2050	Sem52	11	52	Semjase	52	114	
2051	Sem53	11	53	Semjase	53	114	
2052	Sem54	11	54	Semjase	54	114	
2053	Sem55	11	55	Semjase	55	114	
2054	Sem56	11	56	Semjase	56	114	
2055	Sem57	11	57	Semjase	57	114	
2056	Sem58	11	58	Semjase	58	114	
2057	Sem59	11	59	Semjase	59	114	
2058	Sem60	11	60	Semjase	60	114	
2059	Sem61	11	61	Semjase	61	114	
2060	Sem62	11	62	Semjase	62	114	
2061	Sem63	11	63	Semjase	63	114	
2062	Sem64	11	64	Semjase	64	114	
2063	Sem65	11	65	Semjase	65	114	
2064	Sem66	11	66	Semjase	66	114	
2065	Sem67	11	67	Semjase	67	114	
2066	Sem68	11	68	Semjase	68	115	
2067	Sem69	11	69	Semjase	69	115	
2068	Sem70	11	70	Semjase	70	115	
2069	Sem71	11	71	Semjase	71	115	
2070	Sem72	11	72	Semjase	72	115	
2071	Sem73	11	73	Semjase	73	115	
2072	Sem74	11	74	Semjase	74	115	
2073	Sem75	11	75	Semjase	75	115	
2074	Sem76	11	76	Semjase	76	115	
2075	Sem77	11	77	Semjase	77	115	
2076	Sem78	11	78	Semjase	78	115	
2077	Sem79	11	79	Semjase	79	115	
2078	Sem80	11	80	Semjase	80	115	
2079	Sem81	11	81	Semjase	81	115	
2080	Sem82	11	82	Semjase	82	115	
2081	Sem83	11	83	Semjase	83	115	
2082	Sem84	11	84	Semjase	84	115	
2083	Sem85	11	85	Semjase	85	115	
2084	Sem86	11	86	Semjase	86	115	
2085	Sem87	11	87	Semjase	87	115	
2086	Sem88	11	88	Semjase	88	115	
2087	Sem89	11	89	Semjase	89	115	
2088	Sem90	11	90	Semjase	90	115	
2089	Sem91	11	91	Semjase	91	115	
2090	Sem92	11	92	Semjase	92	115	
2091	Sem93	11	93	Semjase	93	115	
2092	Sem94	11	94	Semjase	94	116	
2093	Sem95	11	95	Semjase	95	116	
2094	Sem96	11	96	Semjase	96	116	
2095	Sem97	11	97	Semjase	97	116	
2096	Sem98	11	98	Semjase	98	116	
2097	Sem99	11	99	Semjase	99	116	
2098	Sem100	11	100	Semjase	100	116	
2099	Sem101	11	101	Semjase	101	116	
2100	Sem102	11	102	Semjase	102	116	
2101	Sem103	11	103	Semjase	103	116	
2102	Sem104	11	104	Semjase	104	116	
2103	Sem105	11	105	Semjase	105	116	
2104	Sem106	11	106	Semjase	106	116	
2105	Sem107	11	107	Semjase	107	116	
2106	Sem108	11	108	Semjase	108	116	
2107	Sem109	11	109	Semjase	109	116	
2108	Sem110	11	110	Semjase	110	116	
2109	Sem111	11	111	Semjase	111	116	
2110	Sem112	11	112	Semjase	112	116	
2111	Sem113	11	113	Semjase	113	116	
2112	Sem114	11	114	Semjase	114	116	
2113	Sem115	11	115	Semjase	115	116	
2114	Sem116	11	116	Semjase	116	116	
2115	Sem117	11	117	Semjase	117	116	
2116	Sem118	11	118	Semjase	118	116	
2117	Sem119	11	119	Semjase	119	116	
2118	Sem120	11	120	Semjase	120	117	
2119	Sem121	11	121	Semjase	121	117	
2120	Sem122	11	122	Semjase	122	117	
2121	Sem123	11	123	Semjase	123	117	
2122	Sem124	11	124	Semjase	124	117	
2123	Sem125	11	125	Semjase	125	117	
2124	Sem126	11	126	Semjase	126	117	
2125	Sem127	11	127	Semjase	127	117	
2126	Sem128	11	128	Semjase	128	117	
2127	Sem129	11	129	Semjase	129	117	
2128	Sem130	11	130	Semjase	130	117	
2129	Sem131	11	131	Semjase	131	117	
2130	Sem132	11	132	Semjase	132	117	
2131	Sem133	11	133	Semjase	133	117	
2132	Sem134	11	134	Semjase	134	117	
2133	Sem135	11	135	Semjase	135	117	
2134	Sem136	11	136	Semjase	136	117	
2135	Sem137	11	137	Semjase	137	117	
2136	Sem138	11	138	Semjase	138	117	
2137	Sem139	11	139	Semjase	139	117	
2138	Sem140	11	140	Semjase	140	117	
2139	Sem141	11	141	Semjase	141	117	
2140	Sem142	11	142	Semjase	142	117	
2141	Sem143	11	143	Semjase	143	117	
2142	Sem144	11	144	Semjase	144	117	
2143	Sem145	11	145	Semjase	145	117	
2144	Sem146	11	146	Semjase	146	118	
2145	Sem147	11	147	Semjase	147	118	
2146	Sem148	11	148	Semjase	148	118	
2147	Sem149	11	149	Semjase	149	118	
2148	Sem150	11	150	Semjase	150	118	
2149	Sem151	11	151	Semjase	151	118	
2150	Sem152	11	152	Semjase	152	118	
2151	Sem153	11	153	Semjase	153	118	
2152	Sem154	11	154	Semjase	154	118	
2153	Sem155	11	155	Semjase	155	118	
2154	Sem156	11	156	Semjase	156	118	
2155	Sem157	11	157	Semjase	157	118	
2156	Sem158	11	158	Semjase	158	118	
2157	Sem159	11	159	Semjase	159	119	
2158	Sem160	11	160	Semjase	160	119	
2159	Sem161	11	161	Semjase	161	119	
2160	Sem162	11	162	Semjase	162	119	
2161	Sem163	11	163	Semjase	163	119	
2162	Sem164	11	164	Semjase	164	119	
2163	Sem165	11	165	Semjase	165	119	
2164	Sem166	11	166	Semjase	166	119	
2165	Sem167	11	167	Semjase	167	119	
